Ligament,http://www.webmd.com/hw-popup/ligament,"[False, 'NA']"
Osteoarthritis,http://www.webmd.com/hw-popup/osteoarthritis,"[False, 'NA']"
Electrolytes and Electrolyte Imbalances,http://www.webmd.com/hw-popup/electrolytes-and-electrolyte-imbalances,"[False, 'NA']"
Depression,http://www.webmd.com/hw-popup/depression,"[False, 'NA']"
HIV (Human Immunodeficiency Virus),http://www.webmd.com/hw-popup/hiv-human-immunodeficiency-virus,"[False, 'NA']"
Addiction,http://www.webmd.com/hw-popup/addiction,"[False, 'NA']"
"Exercise, Workout, and Fitness Center: Yoga, Cardio, Strength Training, and More",http://www.webmd.com/fitness-exercise/default.htm,"[False, 'NA']"
Fungal Infection,http://www.webmd.com/hw-popup/fungal-infection,"[False, 'NA']"
Virus,http://www.webmd.com/hw-popup/virus,"[False, 'NA']"
Immunity,http://www.webmd.com/hw-popup/immunity,"[False, 'NA']"
Ligament,http://www.webmd.com/hw-popup/ligament,"[False, 'NA']"
Osteoarthritis,http://www.webmd.com/hw-popup/osteoarthritis,"[False, 'NA']"
Electrolytes and Electrolyte Imbalances,http://www.webmd.com/hw-popup/electrolytes-and-electrolyte-imbalances,"[False, 'NA']"
Depression,http://www.webmd.com/hw-popup/depression,"[False, 'NA']"
HIV (Human Immunodeficiency Virus),http://www.webmd.com/hw-popup/hiv-human-immunodeficiency-virus,"[False, 'NA']"
Addiction,http://www.webmd.com/hw-popup/addiction,"[False, 'NA']"
"Exercise, Workout, and Fitness Center: Yoga, Cardio, Strength Training, and More",http://www.webmd.com/fitness-exercise/default.htm,"[False, 'NA']"
Fungal Infection,http://www.webmd.com/hw-popup/fungal-infection,"[False, 'NA']"
Virus,http://www.webmd.com/hw-popup/virus,"[False, 'NA']"
Immunity,http://www.webmd.com/hw-popup/immunity,"[False, 'NA']"
Bulimia Nervosa,http://www.webmd.com/hw-popup/bulimia-nervosa,"[False, 'NA']"
Gallbladder,http://www.webmd.com/hw-popup/gallbladder,"[False, 'NA']"
Plantar Fasciitis,http://www.webmd.com/hw-popup/plantar-fasciitis,"[False, 'NA']"
Heel Spurs,http://www.webmd.com/hw-popup/heel-spurs,"[False, 'NA']"
Pump Bump (Haglund's Deformity),http://www.webmd.com/hw-popup/pump-bump-haglunds-deformity,"[False, 'NA']"
Rotator Cuff,http://www.webmd.com/hw-popup/rotator-cuff,"[False, 'NA']"
Rotator Cuff Disorders,http://www.webmd.com/hw-popup/rotator-cuff-disorders,"[False, 'NA']"
Sprain,http://www.webmd.com/hw-popup/sprain,"[False, 'NA']"
Fracture,http://www.webmd.com/hw-popup/fracture,"[False, 'NA']"
Blood Clot in a Vein,http://www.webmd.com/hw-popup/blood-clot-in-a-vein,"[False, 'NA']"
Eating Disorders,http://www.webmd.com/hw-popup/eating-disorders,"[False, 'NA']"
Tooth Enamel,http://www.webmd.com/hw-popup/tooth-enamel,"[False, 'NA']"
Osteoporosis,http://www.webmd.com/hw-popup/osteoporosis-menopause,"[False, 'NA']"
Smoke Inhalation,http://www.webmd.com/hw-popup/smoke-inhalation,"[False, 'NA']"
Carbon Monoxide Poisoning,http://www.webmd.com/hw-popup/carbon-monoxide-poisoning-8272,"[False, 'NA']"
Click URL,http://www.webmd.com/click?url=http://celiacdisease.about.com/,"[False, 'NA']"
Herpes Simplex,http://www.webmd.com/hw-popup/herpes-simplex,"[False, 'NA']"
Genital Herpes,http://www.webmd.com/hw-popup/what-is-it,"[False, 'NA']"
Pulse Oximeter,http://www.webmd.com/hw-popup/pulse-oximeter,"[False, 'NA']"
Severe Dehydration in Older Children and Adults,http://www.webmd.com/hw-popup/severe-dehydration,"[False, 'NA']"
Shock in Adults and Older Children,http://www.webmd.com/hw-popup/shock-in-adults-and-older-children,"[False, 'NA']"
Dehydration in Children,http://www.webmd.com/hw-popup/dehydration-in-children-10154,"[False, 'NA']"
Weight Loss  Diet Plans - Find healthy diet plans and helpful weight loss tools,http://www.webmd.com/diet/default.htm,"[False, 'NA']"
"Healthy Recipes: Tasty, Low-Calorie Meal Ideas from WebMD and Eating Well",http://www.webmd.com/food-recipes/healthy-recipe-finder?ps=1#p=&f=chicken&s=0&m=1,"[False, 'NA']"
"Healthy Recipes: Tasty, Low-Calorie Meal Ideas from WebMD and Eating Well",http://www.webmd.com/food-recipes/healthy-recipe-finder?ps=1#p=&f=chocolate&s=0&m=1,"[False, 'NA']"
"Healthy Recipes: Tasty, Low-Calorie Meal Ideas from WebMD and Eating Well",http://www.webmd.com/food-recipes/healthy-recipe-finder?ps=1#p=salads&o=srch-rcp_pop,"[False, 'NA']"
"Healthy Recipes: Tasty, Low-Calorie Meal Ideas from WebMD and Eating Well",http://www.webmd.com/food-recipes/healthy-recipe-finder?ps=2#p=desserts*&f=&s=0&m=1,"[False, 'NA']"
"Healthy Recipes: Tasty, Low-Calorie Meal Ideas from WebMD and Eating Well",http://www.webmd.com/food-recipes/healthy-recipe-finder?ps=4#p=soupsstews*&f=&s=0&m=1,"[False, 'NA']"
Fistula,http://www.webmd.com/hw-popup/fistula,"[False, 'NA']"
Orthostatic Hypotension,http://www.webmd.com/hw-popup/orthostatic-hypotension,"[False, 'NA']"
Abnormal Heartbeat (Arrhythmia),http://www.webmd.com/hw-popup/abnormal-heartbeat-arrhythmia,"[False, 'NA']"
Ear Infection (Acute Otitis Media),http://www.webmd.com/hw-popup/ear-infection-otitis-media,"[False, 'NA']"
Click URL,http://www.webmd.com/click?url=http://www.mcdonalds.com/usa/eat/nutrition_info.html,"[False, 'NA']"
Click URL,"http://www.webmd.com/click?url=http://www.bk.com/#menu=3,-1,-1","[False, 'NA']"
Click URL,http://www.webmd.com/click?url=http://www.jackinthebox.com/ourfood/index.php?section=7,"[False, 'NA']"
Click URL,http://www.webmd.com/click?url=http://www.starbucks.com/retail/nutrition_info.asp,"[False, 'NA']"
Stroke,http://www.webmd.com/hw-popup/stroke-7439,"[False, 'NA']"
Transient Ischemic Attack (TIA),http://www.webmd.com/hw-popup/transient-ischemic-attack-tia,"[False, 'NA']"
Small Intestine,http://www.webmd.com/hw-popup/small-intestine-7465,"[False, 'NA']"
Pancreatitis,http://www.webmd.com/hw-popup/pancreatitis,"[False, 'NA']"
Ultrasound Test,http://www.webmd.com/hw-popup/ultrasound,"[False, 'NA']"
Click URL,http://www.webmd.com/click?url=http://www.health.harvard.edu/newsweek/Glycemic_index_and_glycemic_load_for_100_foods.htm,"[False, 'NA']"
Arthritis,http://www.webmd.com/hw-popup/arthritis,"[False, 'NA']"
Uric acid,http://www.webmd.com/hw-popup/uric-acid,"[False, 'NA']"
"Rectum, Anus, and Anal Sphincter",http://www.webmd.com/hw-popup/rectum-anus-and-anal-sphincter,"[False, 'NA']"
Weight Loss  Diet Plans - Find healthy diet plans and helpful weight loss tools,http://www.webmd.com/diet/old-diet-toc,"[False, 'NA']"
Ringworm of the Skin,http://www.webmd.com/hw-popup/ringworm-of-the-skin,"[False, 'NA']"
Food Allergy,http://www.webmd.com/hw-popup/food-allergy,"[False, 'NA']"
Lactase,http://www.webmd.com/hw-popup/lactase,"[False, 'NA']"
Stomach Flu (Gastroenteritis),http://www.webmd.com/hw-popup/stomach-flu-gastroenteritis,"[False, 'NA']"
Cystic Fibrosis,http://www.webmd.com/hw-popup/cystic-fibrosis,"[False, 'NA']"
Cauda Equina Syndrome,http://www.webmd.com/hw-popup/cauda-equina-syndrome,"[False, 'NA']"
X-Ray,http://www.webmd.com/hw-popup/x-ray,"[False, 'NA']"
CT or CAT Scan,http://www.webmd.com/hw-popup/ct-or-cat-scan,"[False, 'NA']"
Magnetic Resonance Imaging (MRI),http://www.webmd.com/hw-popup/magnetic-resonance-imaging-mri,"[False, 'NA']"
Antibodies,http://www.webmd.com/hw-popup/antibodies,"[False, 'NA']"
Immune System,http://www.webmd.com/hw-popup/immune-system-7922,"[False, 'NA']"
Uterus,http://www.webmd.com/hw-popup/uterus,"[False, 'NA']"
Hypothalamus,http://www.webmd.com/hw-popup/hypothalamus,"[False, 'NA']"
Pituitary Gland,http://www.webmd.com/hw-popup/pituitary-gland-7663,"[False, 'NA']"
Ovaries,http://www.webmd.com/hw-popup/ovaries,"[False, 'NA']"
Estrogen,http://www.webmd.com/hw-popup/estrogen,"[False, 'NA']"
Progesterone,http://www.webmd.com/hw-popup/progesterone,"[False, 'NA']"
Fungus,http://www.webmd.com/hw-popup/fungus,"[False, 'NA']"
Athlete's Foot,http://www.webmd.com/hw-popup/athletes-foot,"[False, 'NA']"
Type 2 Diabetes,http://www.webmd.com/hw-popup/type-2-diabetes,"[False, 'NA']"
Coronary Artery Disease,http://www.webmd.com/hw-popup/coronary-artery-disease-8221,"[False, 'NA']"
High Blood Pressure (Hypertension),http://www.webmd.com/hw-popup/high-blood-pressure-hypertension,"[False, 'NA']"
Sleep Apnea,http://www.webmd.com/hw-popup/sleep-apnea,"[False, 'NA']"
Psychiatrist,http://www.webmd.com/hw-popup/psychiatrist,"[False, 'NA']"
Psychologist,http://www.webmd.com/hw-popup/psychologist,"[False, 'NA']"
Licensed Mental Health Counselor,http://www.webmd.com/hw-popup/licensed-mental-health-counselor,"[False, 'NA']"
Hormone,http://www.webmd.com/hw-popup/hormone,"[False, 'NA']"
Menstrual Cycle,http://www.webmd.com/hw-popup/menstrual-cycle,"[False, 'NA']"
Ovulation,http://www.webmd.com/hw-popup/ovulation,"[False, 'NA']"
Inflammation,http://www.webmd.com/hw-popup/inflammation,"[False, 'NA']"
Pneumothorax (Collapsed Lung),http://www.webmd.com/hw-popup/pneumothorax-collapsed-lung,"[False, 'NA']"
Tuberculosis,http://www.webmd.com/hw-popup/tuberculosis,"[False, 'NA']"
Rheumatoid Arthritis,http://www.webmd.com/hw-popup/rheumatoid-arthritis,"[False, 'NA']"
Lupus,http://www.webmd.com/hw-popup/lupus,"[False, 'NA']"
Sickle Cell Crisis,http://www.webmd.com/hw-popup/sickle-cell-crisis,"[False, 'NA']"
Pulmonary Embolism,http://www.webmd.com/hw-popup/pulmonary-embolism,"[False, 'NA']"
Allergic Reaction,http://www.webmd.com/hw-popup/allergic-reaction,"[False, 'NA']"
Tendon,http://www.webmd.com/hw-popup/tendon,"[False, 'NA']"
Joint,http://www.webmd.com/hw-popup/joint,"[False, 'NA']"
Hypothyroidism,http://www.webmd.com/hw-popup/hypothyroidism,"[False, 'NA']"
Uvula,http://www.webmd.com/hw-popup/uvula,"[False, 'NA']"
Strangulation,http://www.webmd.com/hw-popup/strangulation,"[False, 'NA']"
Bacterial Infection,http://www.webmd.com/hw-popup/bacterial-infection,"[False, 'NA']"
Tonsils and Adenoids,http://www.webmd.com/hw-popup/tonsils-and-adenoids,"[False, 'NA']"
Viral Infection,http://www.webmd.com/hw-popup/viral-infection,"[False, 'NA']"
Scarlet Fever,http://www.webmd.com/hw-popup/scarlet-fever-7539,"[False, 'NA']"
Blepharitis,http://www.webmd.com/hw-popup/blepharitis-8290,"[False, 'NA']"
Tetanus,http://www.webmd.com/hw-popup/tetanus,"[False, 'NA']"
Anaphylaxis,http://www.webmd.com/hw-popup/anaphylaxis,"[False, 'NA']"
South African Tick-Bite Fever,http://www.webmd.com/hw-popup/south-african-tick-bite-fever,"[False, 'NA']"
Inflammatory Bowel Disease (IBD),http://www.webmd.com/hw-popup/inflammatory-bowel-disease-ibd,"[False, 'NA']"
Crohn's Disease,http://www.webmd.com/hw-popup/crohns-disease-8203,"[False, 'NA']"
Irritable Bowel Syndrome,http://www.webmd.com/hw-popup/about-irritable-bowel-syndrome,"[False, 'NA']"
Diverticulitis,http://www.webmd.com/hw-popup/diverticulitis,"[False, 'NA']"
Bladder Infection (Cystitis),http://www.webmd.com/hw-popup/bladder-infection-cystitis,"[False, 'NA']"
Kidney Infection (Pyelonephritis),http://www.webmd.com/hw-popup/kidney-infection-pyelonephritis,"[False, 'NA']"
Deep Vein Thrombosis,http://www.webmd.com/hw-popup/deep-vein-thrombosis,"[False, 'NA']"
Blood Pressure,http://www.webmd.com/hw-popup/blood-pressure,"[False, 'NA']"
Asthma,http://www.webmd.com/hw-popup/asthma,"[False, 'NA']"
Influenza (Flu),http://www.webmd.com/hw-popup/influenza-flu,"[False, 'NA']"
WebMD: User Generated Content,http://www.webmd.com/help/treatments-user-generated-content,"[False, 'NA']"
"Exercise, Workout, and Fitness Center: Yoga, Cardio, Strength Training, and More",http://www.webmd.com/fitness-exercise/fitness-toc-old,"[False, 'NA']"
Gene,http://www.webmd.com/hw-popup/gene,"[False, 'NA']"
Chromosomes,http://www.webmd.com/hw-popup/chromosomes,"[False, 'NA']"
False-Negative Test Result,http://www.webmd.com/hw-popup/false-negative-test-result,"[False, 'NA']"
False-Positive Test Result,http://www.webmd.com/hw-popup/false-positive-test-result,"[False, 'NA']"
Integrated Test During Pregnancy,http://www.webmd.com/hw-popup/integrated-test-during-pregnancy,"[False, 'NA']"
Syncope,http://www.webmd.com/hw-popup/syncope,"[False, 'NA']"
Plaque (Dental),http://www.webmd.com/hw-popup/plaque-dental,"[False, 'NA']"
Ligament,http://www.webmd.com/hw-popup/ligament,"[False, 'NA']"
Osteoarthritis,http://www.webmd.com/hw-popup/osteoarthritis,"[False, 'NA']"
Ligament,http://www.webmd.com/hw-popup/ligament,"[False, 'NA']"
Osteoarthritis,http://www.webmd.com/hw-popup/osteoarthritis,"[False, 'NA']"
WebMD: User Generated Content,http://www.webmd.com/help/treatments-user-generated-content,"[False, 'NA']"
"Healthy Recipes: Tasty, Low-Calorie Meal Ideas from WebMD and Eating Well",http://www.webmd.com/food-recipes/healthy-recipe-finder?ps=1#p=&f=chicken&s=0&m=1,"[False, 'NA']"
"Healthy Recipes: Tasty, Low-Calorie Meal Ideas from WebMD and Eating Well",http://www.webmd.com/food-recipes/healthy-recipe-finder?ps=1#p=&f=chocolate&s=0&m=1,"[False, 'NA']"
"Healthy Recipes: Tasty, Low-Calorie Meal Ideas from WebMD and Eating Well",http://www.webmd.com/food-recipes/healthy-recipe-finder?ps=1#p=salads&o=srch-rcp_pop,"[False, 'NA']"
"Healthy Recipes: Tasty, Low-Calorie Meal Ideas from WebMD and Eating Well",http://www.webmd.com/food-recipes/healthy-recipe-finder?ps=2#p=desserts*&f=&s=0&m=1,"[False, 'NA']"
"Healthy Recipes: Tasty, Low-Calorie Meal Ideas from WebMD and Eating Well",http://www.webmd.com/food-recipes/healthy-recipe-finder?ps=4#p=soupsstews*&f=&s=0&m=1,"[False, 'NA']"
Depression,http://www.webmd.com/hw-popup/depression,"[False, 'NA']"
HIV (Human Immunodeficiency Virus),http://www.webmd.com/hw-popup/hiv-human-immunodeficiency-virus,"[False, 'NA']"
"Exercise, Workout, and Fitness Center: Yoga, Cardio, Strength Training, and More",http://www.webmd.com/fitness-exercise/fitness-toc-old,"[False, 'NA']"
Gene,http://www.webmd.com/hw-popup/gene,"[False, 'NA']"
Chromosomes,http://www.webmd.com/hw-popup/chromosomes,"[False, 'NA']"
False-Negative Test Result,http://www.webmd.com/hw-popup/false-negative-test-result,"[False, 'NA']"
False-Positive Test Result,http://www.webmd.com/hw-popup/false-positive-test-result,"[False, 'NA']"
Integrated Test During Pregnancy,http://www.webmd.com/hw-popup/integrated-test-during-pregnancy,"[False, 'NA']"
Syncope,http://www.webmd.com/hw-popup/syncope,"[False, 'NA']"
Plaque (Dental),http://www.webmd.com/hw-popup/plaque-dental,"[False, 'NA']"
X-Ray,http://www.webmd.com/hw-popup/x-ray,"[False, 'NA']"
Nonsteroidal Anti-Inflammatory Drugs (NSAIDs),http://www.webmd.com/hw-popup/nonsteroidal-anti-inflammatory-drugs-nsaids-7791,"[False, 'NA']"
Arthroscopy or Arthroscopic Surgery,http://www.webmd.com/hw-popup/arthroscopy-or-arthroscopic-surgery,"[False, 'NA']"
Anemia,http://www.webmd.com/hw-popup/anemia,"[False, 'NA']"
Complete Blood Count (CBC),http://www.webmd.com/hw-popup/complete-blood-count-cbc,"[False, 'NA']"
Ultrasound Test,http://www.webmd.com/hw-popup/ultrasound,"[False, 'NA']"
CT or CAT Scan,http://www.webmd.com/hw-popup/ct-or-cat-scan,"[False, 'NA']"
Contrast Material,http://www.webmd.com/hw-popup/contrast-material,"[False, 'NA']"
Celiac Disease,http://www.webmd.com/hw-popup/celiac-disease,"[False, 'NA']"
Immune System,http://www.webmd.com/hw-popup/immune-system-7922,"[False, 'NA']"
Osteoporosis,http://www.webmd.com/hw-popup/osteoporosis-menopause,"[False, 'NA']"
Chickenpox,http://www.webmd.com/hw-popup/chickenpox-8250,"[False, 'NA']"
Spinal Nerve Roots,http://www.webmd.com/hw-popup/spinal-nerve-roots,"[False, 'NA']"
Electrolytes and Electrolyte Imbalances,http://www.webmd.com/hw-popup/electrolytes-and-electrolyte-imbalances,"[False, 'NA']"
Torsion of a Testicle,http://www.webmd.com/hw-popup/torsion-of-a-testicle,"[False, 'NA']"
Ovaries,http://www.webmd.com/hw-popup/ovaries,"[False, 'NA']"
Kidney Stones,http://www.webmd.com/hw-popup/kidney-stones,"[False, 'NA']"
Gallstones,http://www.webmd.com/hw-popup/gallstones-8024,"[False, 'NA']"
Aortic Aneurysm,http://www.webmd.com/hw-popup/aortic-aneurysm,"[False, 'NA']"
None,http://img.webmd.com/dtmcms/live/webmd/consumer_assets/site_images/miscellaneous/breaking_news/stem-cell.pdf,"[False, 'NA']"
Stroke,http://www.webmd.com/hw-popup/stroke-7439,"[False, 'NA']"
Transient Ischemic Attack (TIA),http://www.webmd.com/hw-popup/transient-ischemic-attack-tia,"[False, 'NA']"
Heatstroke,http://www.webmd.com/hw-popup/heatstroke,"[False, 'NA']"
Dehydration,http://www.webmd.com/hw-popup/dehydration,"[False, 'NA']"
Carbohydrate,http://www.webmd.com/hw-popup/carbohydrate,"[False, 'NA']"
Insulin,http://www.webmd.com/hw-popup/insulin,"[False, 'NA']"
Hormone,http://www.webmd.com/hw-popup/hormone,"[False, 'NA']"
Pancreas,http://www.webmd.com/hw-popup/pancreas-7713,"[False, 'NA']"
Suicide Plan,http://www.webmd.com/hw-popup/suicide-plan,"[False, 'NA']"
Body Mass Index (BMI),http://www.webmd.com/hw-popup/body-mass-index-bmi,"[False, 'NA']"
Obesity and Weight Loss: Bariatric Surgery and More,http://www.webmd.com/diet/weight-loss-surgery/default.htm,"[False, 'NA']"
Diverticulosis,http://www.webmd.com/hw-popup/diverticulosis,"[False, 'NA']"
Millimeter (mm),http://www.webmd.com/hw-popup/millimeter-mm,"[False, 'NA']"
Diverticulitis,http://www.webmd.com/hw-popup/diverticulitis,"[False, 'NA']"
Barium Enema,http://www.webmd.com/hw-popup/barium-enema,"[False, 'NA']"
Fistula,http://www.webmd.com/hw-popup/fistula,"[False, 'NA']"
Diabetes,http://www.webmd.com/hw-popup/diabetes,"[False, 'NA']"
Impaired Immune System,http://www.webmd.com/hw-popup/impaired-immune-system,"[False, 'NA']"
Ear Infection (Acute Otitis Media),http://www.webmd.com/hw-popup/ear-infection-otitis-media,"[False, 'NA']"
Labyrinthitis,http://www.webmd.com/hw-popup/labyrinthitis,"[False, 'NA']"
Inflammation,http://www.webmd.com/hw-popup/inflammation,"[False, 'NA']"
Vertigo,http://www.webmd.com/hw-popup/vertigo,"[False, 'NA']"
Vestibular Neuritis,http://www.webmd.com/hw-popup/vestibular-neuronitis-7266,"[False, 'NA']"
Viral Infection,http://www.webmd.com/hw-popup/viral-infection,"[False, 'NA']"
Bacterial Infection,http://www.webmd.com/hw-popup/bacterial-infection,"[False, 'NA']"
Upper Respiratory Tract Infection (URI),http://www.webmd.com/hw-popup/upper-respiratory-tract-infection-uri,"[False, 'NA']"
Dizziness,http://www.webmd.com/hw-popup/dizziness,"[False, 'NA']"
Tinnitus,http://www.webmd.com/hw-popup/tinnitus,"[False, 'NA']"
Subscribe to the WebMD Binge Eating Disorder Email Series,http://www.webmd.com/binge-eating-disorder-email-series,"[False, 'NA']"
Ovulation,http://www.webmd.com/hw-popup/ovulation,"[False, 'NA']"
"Rectum, Anus, and Anal Sphincter",http://www.webmd.com/hw-popup/rectum-anus-and-anal-sphincter,"[False, 'NA']"
Strangulation,http://www.webmd.com/hw-popup/strangulation,"[False, 'NA']"
Intestine (Bowel),http://www.webmd.com/hw-popup/intestine-bowel,"[False, 'NA']"
Dehydration in Children,http://www.webmd.com/hw-popup/dehydration-in-children-10154,"[False, 'NA']"
Outbreak,http://www.webmd.com/hw-popup/outbreak,"[False, 'NA']"
Food Poisoning,http://www.webmd.com/hw-popup/food-poisoning,"[False, 'NA']"
Reiter's Syndrome,http://www.webmd.com/hw-popup/reiters-syndrome,"[False, 'NA']"
Arthritis,http://www.webmd.com/hw-popup/arthritis,"[False, 'NA']"
Click URL,http://www.webmd.com/click?url=http://www.health.harvard.edu/newsweek/Glycemic_index_and_glycemic_load_for_100_foods.htm,"[False, 'NA']"
Parasite,http://www.webmd.com/hw-popup/parasite,"[False, 'NA']"
Fetus,http://www.webmd.com/hw-popup/fetus,"[False, 'NA']"
Drug Resistance or Antibiotic Resistance,http://www.webmd.com/hw-popup/drug-resistance-or-antibiotic-resistance,"[False, 'NA']"
Tetanus,http://www.webmd.com/hw-popup/tetanus,"[False, 'NA']"
Anaphylaxis,http://www.webmd.com/hw-popup/anaphylaxis,"[False, 'NA']"
South African Tick-Bite Fever,http://www.webmd.com/hw-popup/south-african-tick-bite-fever,"[False, 'NA']"
Bile Acids,http://www.webmd.com/hw-popup/bile-acids,"[False, 'NA']"
Hepatitis,http://www.webmd.com/hw-popup/hepatitis,"[False, 'NA']"
Hemolytic Anemia,http://www.webmd.com/hw-popup/hemolytic-anemia,"[False, 'NA']"
Kernicterus,http://www.webmd.com/hw-popup/kernicterus,"[False, 'NA']"
Jaundice in Newborns,http://www.webmd.com/hw-popup/jaundice-in-newborns,"[False, 'NA']"
Bilirubin,http://www.webmd.com/hw-popup/bilirubin,"[False, 'NA']"
Rh Incompatibility,http://www.webmd.com/hw-popup/rh-incompatibility,"[False, 'NA']"
Ringworm of the Skin,http://www.webmd.com/hw-popup/ringworm-of-the-skin,"[False, 'NA']"
Fungal Infection,http://www.webmd.com/hw-popup/fungal-infection,"[False, 'NA']"
"General, Regional, and Local Anesthesia",http://www.webmd.com/hw-popup/general-regional-and-local-anesthesia,"[False, 'NA']"
Anesthetic,http://www.webmd.com/hw-popup/anesthetic,"[False, 'NA']"
Cerebrospinal Fluid (CSF),http://www.webmd.com/hw-popup/cerebrospinal-fluid-csf,"[False, 'NA']"
Intravenous,http://www.webmd.com/hw-popup/intravenous,"[False, 'NA']"
Cauda Equina Syndrome,http://www.webmd.com/hw-popup/cauda-equina-syndrome,"[False, 'NA']"
Magnetic Resonance Imaging (MRI),http://www.webmd.com/hw-popup/magnetic-resonance-imaging-mri,"[False, 'NA']"
Physical Therapy,http://www.webmd.com/hw-popup/physical-therapy,"[False, 'NA']"
Corticosteroid Injection,http://www.webmd.com/hw-popup/corticosteroid-injection,"[False, 'NA']"
Heart Failure,http://www.webmd.com/hw-popup/heart-failure-8021,"[False, 'NA']"
Adrenal Glands,http://www.webmd.com/hw-popup/adrenal-glands-8428,"[False, 'NA']"
Fluoroscopy,http://www.webmd.com/hw-popup/fluoroscopy,"[False, 'NA']"
Biopsy,http://www.webmd.com/hw-popup/biopsy,"[False, 'NA']"
Type 2 Diabetes,http://www.webmd.com/hw-popup/type-2-diabetes,"[False, 'NA']"
High Blood Pressure (Hypertension),http://www.webmd.com/hw-popup/high-blood-pressure-hypertension,"[False, 'NA']"
High Cholesterol,http://www.webmd.com/hw-popup/high-cholesterol,"[False, 'NA']"
Coronary Artery Disease,http://www.webmd.com/hw-popup/coronary-artery-disease-8221,"[False, 'NA']"
Intellectual Disability,http://www.webmd.com/hw-popup/mental-retardation,"[False, 'NA']"
Heart Attack,http://www.webmd.com/hw-popup/heart-attack,"[False, 'NA']"
Uterus,http://www.webmd.com/hw-popup/uterus,"[False, 'NA']"
Hypothalamus,http://www.webmd.com/hw-popup/hypothalamus,"[False, 'NA']"
Pituitary Gland,http://www.webmd.com/hw-popup/pituitary-gland-7663,"[False, 'NA']"
Estrogen,http://www.webmd.com/hw-popup/estrogen,"[False, 'NA']"
Progesterone,http://www.webmd.com/hw-popup/progesterone,"[False, 'NA']"
Ulcer,http://www.webmd.com/hw-popup/ulcer,"[False, 'NA']"
Gallbladder,http://www.webmd.com/hw-popup/gallbladder,"[False, 'NA']"
Amylase,http://www.webmd.com/hw-popup/amylase,"[False, 'NA']"
Enzyme,http://www.webmd.com/hw-popup/enzyme,"[False, 'NA']"
None,http://img.webmd.com/dtmcms/live/webmd/consumer_assets/site_images/media/pdf/hw/form_zm2257.pdf,"[False, 'NA']"
PDF Document,http://www.webmd.com/hw-popup/pdf-document,"[False, 'NA']"
Lipase,http://www.webmd.com/hw-popup/lipase,"[False, 'NA']"
Tendon,http://www.webmd.com/hw-popup/tendon,"[False, 'NA']"
Joint,http://www.webmd.com/hw-popup/joint,"[False, 'NA']"
Blepharitis,http://www.webmd.com/hw-popup/blepharitis-8290,"[False, 'NA']"
Cyst,http://www.webmd.com/hw-popup/cyst,"[False, 'NA']"
Symptoms of a Skin Infection,http://www.webmd.com/hw-popup/symptoms-of-a-skin-infection,"[False, 'NA']"
Immunization,http://www.webmd.com/hw-popup/immunizations,"[False, 'NA']"
Inflammatory Bowel Disease (IBD),http://www.webmd.com/hw-popup/inflammatory-bowel-disease-ibd,"[False, 'NA']"
Anal Fissure,http://www.webmd.com/hw-popup/anal-fissure,"[False, 'NA']"
Urinary Tract,http://www.webmd.com/hw-popup/urinary-tract-7276,"[False, 'NA']"
Urethra,http://www.webmd.com/hw-popup/urethra,"[False, 'NA']"
Bladder,http://www.webmd.com/hw-popup/bladder,"[False, 'NA']"
Kidneys,http://www.webmd.com/hw-popup/kidneys-7905,"[False, 'NA']"
Urinalysis,http://www.webmd.com/hw-popup/urinalysis,"[False, 'NA']"
Culture and Sensitivity,http://www.webmd.com/hw-popup/culture-and-sensitivity,"[False, 'NA']"
Deep Vein Thrombosis,http://www.webmd.com/hw-popup/deep-vein-thrombosis,"[False, 'NA']"
Endolymph,http://www.webmd.com/hw-popup/endolymph,"[False, 'NA']"
Weight Loss  Diet Plans - Find healthy diet plans and helpful weight loss tools,http://www.webmd.com/diet/old-diet-toc,"[False, 'NA']"
Weight Loss  Diet Plans - Find healthy diet plans and helpful weight loss tools,http://www.webmd.com/diet,"[False, 'NA']"
Click URL,http://www.webmd.com/click?url=http://www.networkadvertising.org/managing/opt_out.asp,"[False, 'NA']"
Click URL,http://www.webmd.com/click?url=http://preferences.truste.com/,"[False, 'NA']"
Click URL,http://www.webmd.com/click?url=http://www.worldprivacyforum.org/cookieoptout.html,"[False, 'NA']"
Click URL,http://www.webmd.com/click?url=http://www.m.webmd.com/about-webmd-policies/full-privacy-policy#apps,"[False, 'NA']"
Click URL,http://www.webmd.com/click?url=https://www.urac.org/directory/CompanyView.aspx?cid=C8700000F48,"[False, 'NA']"
Click URL,"http://www.webmd.com/click?url=https://privacy.truste.com/privacy-seal/WebMD,-LLC/validation?rid=7b3bf16d-37b4-42e0-aec7-836ef1d3680d","[False, 'NA']"
Click URL,http://www.webmd.com/click?url=http://www.truste.com/privacy_seals_and_services/consumer_privacy/privacy-programs-requirements.html,"[False, 'NA']"
Click URL,http://www.webmd.com/click?url=http://watchdog.truste.com/pvr.php?page=complaint,"[False, 'NA']"
Click URL,http://www.webmd.com/click?url=http://www.hon.ch/HONcode/Conduct.html?HONConduct298987,"[False, 'NA']"
Click URL,http://www.webmd.com/click?url=http://www.playsmartgetscreened.org,"[False, 'NA']"
Metabolism,http://www.webmd.com/hw-popup/metabolism,"[False, 'NA']"
pH,http://www.webmd.com/hw-popup/ph,"[False, 'NA']"
Arterial Blood Gas (ABG) Test,http://www.webmd.com/hw-popup/arterial-blood-gas-abg,"[False, 'NA']"
Uric acid,http://www.webmd.com/hw-popup/uric-acid,"[False, 'NA']"
Gout,http://www.webmd.com/hw-popup/gout-8045,"[False, 'NA']"
Tophi,http://www.webmd.com/hw-popup/tophi,"[False, 'NA']"
Cavities,http://www.webmd.com/hw-popup/cavities,"[False, 'NA']"
Click URL,http://www.webmd.com/click?url=http://www.planodental.com/,"[False, 'NA']"
Click URL,http://www.webmd.com/click?url=http://www.acld.com,"[False, 'NA']"
Salivary Glands,http://www.webmd.com/hw-popup/salivary-glands-7544,"[False, 'NA']"
Meningitis,http://www.webmd.com/hw-popup/meningitis-7840,"[False, 'NA']"
Orchitis,http://www.webmd.com/hw-popup/orchitis,"[False, 'NA']"
Oophoritis,http://www.webmd.com/hw-popup/oophoritis,"[False, 'NA']"
Pancreatitis,http://www.webmd.com/hw-popup/pancreatitis,"[False, 'NA']"
Free Radicals,http://www.webmd.com/hw-popup/free-radicals,"[False, 'NA']"
Atherosclerosis,http://www.webmd.com/hw-popup/atherosclerosis-8374,"[False, 'NA']"
Delirium (Acute Confusional State),http://www.webmd.com/hw-popup/delirium-acute-confusional-state,"[False, 'NA']"
Palpitations,http://www.webmd.com/hw-popup/palpitations-7713,"[False, 'NA']"
Amniotic Fluid,http://www.webmd.com/hw-popup/amniotic-fluid,"[False, 'NA']"
Obesity,http://www.webmd.com/hw-popup/obesity,"[False, 'NA']"
Hemorrhoids,http://www.webmd.com/hw-popup/hemorrhoids,"[False, 'NA']"
Mucus,http://www.webmd.com/hw-popup/mucus,"[False, 'NA']"
Asthma,http://www.webmd.com/hw-popup/asthma,"[False, 'NA']"
Asthma Attack,http://www.webmd.com/hw-popup/asthma-attack,"[False, 'NA']"
Respiratory Syncytial Virus (RSV),http://www.webmd.com/hw-popup/respiratory-syncytial-virus-rsv,"[False, 'NA']"
None,http://img.webmd.com/dtmcms/live/webmd/consumer_assets/site_images/articles/health_and_medical_reference/miscellaneous/daily-asthma-diary_Asthma_Diary_02.pdf,"[False, 'NA']"
None,http://img.webmd.com/dtmcms/live/webmd/consumer_assets/site_images/media/pdf/hw/form_zd1600.pdf,"[False, 'NA']"
Allergen,http://www.webmd.com/hw-popup/allergen,"[False, 'NA']"
Shingles,http://www.webmd.com/hw-popup/shingles-def,"[False, 'NA']"
Impetigo,http://www.webmd.com/hw-popup/impetigo,"[False, 'NA']"
Scabies,http://www.webmd.com/hw-popup/scabies,"[False, 'NA']"
Physical Therapist (PT),http://www.webmd.com/hw-popup/physical-therapist-pt,"[False, 'NA']"
Manual Therapy,http://www.webmd.com/hw-popup/manual-therapy,"[False, 'NA']"
Core Stabilization,http://www.webmd.com/hw-popup/core-stabilization,"[False, 'NA']"
Herpes Simplex,http://www.webmd.com/hw-popup/herpes-simplex,"[False, 'NA']"
Genital Herpes,http://www.webmd.com/hw-popup/what-is-it,"[False, 'NA']"
Mucous Membranes,http://www.webmd.com/hw-popup/mucous-membranes,"[False, 'NA']"
Strep Throat,http://www.webmd.com/hw-popup/strep-throat,"[False, 'NA']"
Urinary Tract Infection,http://www.webmd.com/hw-popup/urinary-tract-infection,"[False, 'NA']"
Sinusitis,http://www.webmd.com/hw-popup/sinusitis,"[False, 'NA']"
Vaginal Yeast Infection,http://www.webmd.com/hw-popup/vaginal-yeast-infection,"[False, 'NA']"
Get Ready for Bed Game: How to Get Kids to Sleep,http://fit.webmd.com/jr/recharge/pdf/pdf-get-ready-for-bed-game,"[False, 'NA']"
"Roy Benaroch, MD Biography",http://fit.webmd.com/contributors-and-experts/bio-benaroch,"[False, 'NA']"
Bowel Obstruction,http://www.webmd.com/hw-popup/bowel-obstruction,"[False, 'NA']"
Appendicitis,http://www.webmd.com/hw-popup/appendicitis-8392,"[False, 'NA']"
Gastritis,http://www.webmd.com/hw-popup/gastritis,"[False, 'NA']"
Peptic Ulcer (Stomach Ulcer),http://www.webmd.com/hw-popup/peptic-ulcers,"[False, 'NA']"
Gastroesophageal Reflux Disease (GERD),http://www.webmd.com/hw-popup/reflux-disease,"[False, 'NA']"
Kidney Infection (Pyelonephritis),http://www.webmd.com/hw-popup/kidney-infection-pyelonephritis,"[False, 'NA']"
Bladder Infection (Cystitis),http://www.webmd.com/hw-popup/bladder-infection-cystitis,"[False, 'NA']"
Lactose Intolerance,http://www.webmd.com/hw-popup/lactose-intolerance,"[False, 'NA']"
Food Allergy,http://www.webmd.com/hw-popup/food-allergy,"[False, 'NA']"
Crohn's Disease,http://www.webmd.com/hw-popup/crohns-disease-8203,"[False, 'NA']"
Ulcerative Colitis,http://www.webmd.com/hw-popup/ulcerative-colitis-7286,"[False, 'NA']"
Irritable Bowel Syndrome,http://www.webmd.com/hw-popup/about-irritable-bowel-syndrome,"[False, 'NA']"
Ectopic Pregnancy,http://www.webmd.com/hw-popup/ectopic-pregnancy-8123,"[False, 'NA']"
Miscarriage,http://www.webmd.com/hw-popup/miscarriage,"[False, 'NA']"
Giardiasis (Giardia),http://www.webmd.com/hw-popup/giardiasis-giardia,"[False, 'NA']"
Endometriosis,http://www.webmd.com/hw-popup/endometriosis-8106,"[False, 'NA']"
Pelvic Inflammatory Disease,http://www.webmd.com/hw-popup/pelvic-inflammatory-disease,"[False, 'NA']"
Sickle Cell Disease,http://www.webmd.com/hw-popup/sickle-cell-disease-7481,"[False, 'NA']"
Peripheral Arterial Disease,http://www.webmd.com/hw-popup/peripheral-arterial-disease,"[False, 'NA']"
Hiatal Hernia,http://www.webmd.com/hw-popup/hiatal-hernia,"[False, 'NA']"
Inguinal Hernia,http://www.webmd.com/hw-popup/inguinal-hernia,"[False, 'NA']"
Umbilical Hernia,http://www.webmd.com/hw-popup/umbilical-hernia,"[False, 'NA']"
Fallopian Tubes,http://www.webmd.com/hw-popup/fallopian-tubes,"[False, 'NA']"
Gynecologist,http://www.webmd.com/hw-popup/gynecologist,"[False, 'NA']"
Family Medicine Physician,http://www.webmd.com/hw-popup/family-medicine-physician,"[False, 'NA']"
Surgeon,http://www.webmd.com/hw-popup/surgeon,"[False, 'NA']"
Cesarean Section,http://www.webmd.com/hw-popup/cesarean-section,"[False, 'NA']"
Adhesions,http://www.webmd.com/hw-popup/adhesions,"[False, 'NA']"
General Anesthesia,http://www.webmd.com/hw-popup/general-anesthesia,"[False, 'NA']"
Epidural Anesthesia,http://www.webmd.com/hw-popup/epidural-anesthesia,"[False, 'NA']"
Hysterosalpingogram,http://www.webmd.com/hw-popup/hysterosalpingogram,"[False, 'NA']"
Menstrual Cycle,http://www.webmd.com/hw-popup/menstrual-cycle,"[False, 'NA']"
None,http://img.webmd.com/dtmcms/live/webmd/consumer_assets/site_images/media/pdf/hw/form_zm2256.pdf,"[False, 'NA']"
Click URL,http://www.webmd.com/click?url=http://www.cms.hhs.gov/home/medicaid.asp,"[False, 'NA']"
Hypothyroidism,http://www.webmd.com/hw-popup/hypothyroidism,"[False, 'NA']"
Cystic Fibrosis,http://www.webmd.com/hw-popup/cystic-fibrosis,"[False, 'NA']"
Family History,http://www.webmd.com/hw-popup/family-history,"[False, 'NA']"
Orthostatic Hypotension,http://www.webmd.com/hw-popup/orthostatic-hypotension,"[False, 'NA']"
Abnormal Heartbeat (Arrhythmia),http://www.webmd.com/hw-popup/abnormal-heartbeat-arrhythmia,"[False, 'NA']"
Prediabetes,http://www.webmd.com/hw-popup/prediabetes-impaired-glucose-tolerance,"[False, 'NA']"
Gestational Diabetes,http://www.webmd.com/hw-popup/gestational-diabetes--(dupe),"[False, 'NA']"
Autonomic Nervous System,http://www.webmd.com/hw-popup/autonomic-nervous-system,"[False, 'NA']"
Click URL,http://www.webmd.com/click?url=https://twitter.com/pedinsider,"[False, 'NA']"
Protein,http://www.webmd.com/hw-popup/protein,"[False, 'NA']"
Urea,http://www.webmd.com/hw-popup/urea,"[False, 'NA']"
Cirrhosis,http://www.webmd.com/hw-popup/cirrhosis,"[False, 'NA']"
"Hansa Bhargava, MD, Biography",http://fit.webmd.com/contributors-and-experts/bio-bhargava,"[False, 'NA']"
Learning Disabilities,http://www.webmd.com/hw-popup/learning-disabilities,"[False, 'NA']"
Genetic Disorders,http://www.webmd.com/hw-popup/genetic-disorders,"[False, 'NA']"
Luteinizing Hormone (LH),http://www.webmd.com/hw-popup/luteinizing-hormone-lh,"[False, 'NA']"
Puberty,http://www.webmd.com/hw-popup/puberty,"[False, 'NA']"
Tics,http://www.webmd.com/hw-popup/tics,"[False, 'NA']"
Electroencephalogram (EEG),http://www.webmd.com/hw-popup/electroencephalogram-eeg-8121,"[False, 'NA']"
Attention Deficit Hyperactivity Disorder,http://www.webmd.com/hw-popup/attention-deficit-hyperactivity-disorder,"[False, 'NA']"
Obsessive-Compulsive Disorder,http://www.webmd.com/hw-popup/obsessive-compulsive-disorder,"[False, 'NA']"
Allergic Reaction,http://www.webmd.com/hw-popup/allergic-reaction,"[False, 'NA']"
Epilepsy,http://www.webmd.com/hw-popup/epilepsy,"[False, 'NA']"
Click URL,http://www.webmd.com/click?url=http%3A%2F%2Fwww.facesofinfluenza.org,"[False, 'NA']"
Click URL,http://www.webmd.com/click?url=http%3A%2F%2Fwww.webmd.com%2Fcold-and-flu%2Ffeatures%2Ftop-13-flu-myths,"[False, 'NA']"
Click URL,http://www.webmd.com/click?url=http%3A%2F%2Fwww.webmd.com%2Fcold-and-flu%2Fnews%2F20100913%2Fflu-vaccine-faq,"[False, 'NA']"
Click URL,http://www.webmd.com/click?url=http%3A%2F%2Fwww.webmd.com%2Fcold-and-flu%2Fslideshow-cold-or-fl,"[False, 'NA']"
Click URL,http://www.webmd.com/click?url=http%3A%2F%2Fblogs.webmd.com%2Ffocus-on-flu%2F2010%2F12%2Fflu-shots-protect-yourself-protect-your-children.html,"[False, 'NA']"
Click URL,http://www.webmd.com/click?url=http%3A%2F%2Fwww.webmd.com%2Fcold-and-flu%2Fflu-guide%2Fdefault.htm,"[False, 'NA']"
Click URL,http://www.webmd.com/click?url=http%3A%2F%2Fwww.cdc.gov%2Fflu%2F,"[False, 'NA']"
Click URL,http://www.webmd.com/click?url=http%3A%2F%2Fwww.webmd.com%2Fcold-and-flu%2Fnews%2F20100309%2Fvaccinate-kids-to-stop-flu-in-community,"[False, 'NA']"
Click URL,http://www.webmd.com/click?url=http%3A%2F%2Fwww.webmd.com%2Fcold-and-flu%2Fflu-guide%2Fchildren-and-flu-influenza,"[False, 'NA']"
Click URL,http://www.webmd.com/click?url=http%3A%2F%2Fwww.hhs.gov%2Fsecretary%2F,"[False, 'NA']"
Click URL,http://www.webmd.com/click?url=http%3A%2F%2Fwww.cdc.gov%2Fflu%2FNIVW%2F,"[False, 'NA']"
Click URL,http://www.webmd.com/click?url=http%3A%2F%2Fflu.gov%2Fwhereyoulive%2Findex.html,"[False, 'NA']"
Click URL,http://www.webmd.com/click?url=http%3A%2F%2Fwww.cdc.gov%2Fh1n1flu%2Fvaccination%2Fprofessional.htm,"[False, 'NA']"
Click URL,http://www.webmd.com/click?url=http%3A%2F%2Fwww.cdc.gov%2Fh1n1flu%2Fvaccination%2Fpublic%2Fvaccination_qa_pub.htm,"[False, 'NA']"
Click URL,http://www.webmd.com/click?url=http%3A%2F%2Fflu.gov%2Findividualfamily%2Fhealthconditions%2Findex.html,"[False, 'NA']"
Click URL,http://www.webmd.com/click?url=http%3A%2F%2Fflu.gov%2Findividualfamily%2Fparents%2Fpregnant%2Findex.html,"[False, 'NA']"
Click URL,http://www.webmd.com/click?url=http%3A%2F%2Fwww.cdc.gov%2FH1N1flu%2Fvaccination%2Fvaccine_seniors.htm,"[False, 'NA']"
Click URL,http://www.webmd.com/click?url=http%3A%2F%2Fwww.webmd.com%2Fmatthew-hoffman,"[False, 'NA']"
Click URL,http://www.webmd.com/click?url=http%3A%2F%2Fwww.cdc.gov%2Fh1n1flu%2F,"[False, 'NA']"
Click URL,http://www.webmd.com/click?url=http%3A%2F%2Fwww.webmd.com%2Fcold-and-flu%2Fwhat-are-epidemics-pandemics-outbreaks,"[False, 'NA']"
Click URL,http://www.webmd.com/click?url=http%3A%2F%2Fwww.webmd.com%2Fcold-and-flu%2Fnews%2F20090611%2Fwho-declares-swine-flu-pandemic,"[False, 'NA']"
Click URL,http://www.webmd.com/click?url=http%3A%2F%2Fblogs.webmd.com%2Ffocus-on-flu%2F2009%2F11%2Fusing-antivirals-to-treat-h1n1-swine.html,"[False, 'NA']"
Click URL,http://www.webmd.com/click?url=http%3A%2F%2Fblogs.webmd.com%2Ffocus-on-flu%2F2009%2F12%2Fhow-many-people-have-had-h1n1-flu.html,"[False, 'NA']"
Click URL,http://www.webmd.com/click?url=http%3A%2F%2Fblogs.webmd.com%2Ffocus-on-flu%2F2010%2F01%2Fis-h1n1-gone.html,"[False, 'NA']"
Click URL,http://www.webmd.com/click?url=http%3A%2F%2Fwww.flu.gov%2Ftimeline%2F,"[False, 'NA']"
Click URL,http://www.webmd.com/click?url=http%3A%2F%2Fwww.webmd.com%2Frod-moser,"[False, 'NA']"
Click URL,http://www.webmd.com/click?url=http%3A%2F%2Fwww.webmd.com%2Fcold-and-flu%2Fflu-guide%2Fcold_flu_stopping_germs_work,"[False, 'NA']"
Click URL,http://www.webmd.com/click?url=http%3A%2F%2Fblogs.webmd.com%2Ffocus-on-flu%2F2009%2F11%2Fdont-give-yourself-swine-flu.html,"[False, 'NA']"
Click URL,http://www.webmd.com/click?url=http%3A%2F%2Fblogs.webmd.com%2Ffocus-on-flu%2F2009%2F10%2Fyes-we-have-no-flu-vaccine.html,"[False, 'NA']"
Click URL,http://www.webmd.com/click?url=http%3A%2F%2Fblogs.webmd.com%2Fall-ears%2F2007%2F09%2Faaargh-childhood-vaccines-do-not-cause.html,"[False, 'NA']"
Click URL,http://www.webmd.com/click?url=http%3A%2F%2Fblogs.webmd.com%2Ffocus-on-flu%2F2009%2F11%2Fi-never-get-flu.html,"[False, 'NA']"
Click URL,http://www.webmd.com/click?url=http%3A%2F%2Fwww.webmd.com%2Fanthony-fiore,"[False, 'NA']"
Click URL,http://www.webmd.com/click?url=http%3A%2F%2Fwww.cdc.gov%2Fh1n1flu%2Fupdate.htm,"[False, 'NA']"
Click URL,http://www.webmd.com/click?url=http%3A%2F%2Fwww.webmd.com%2Fcold-and-flu%2Fswine-flu%2Fdefault.htm,"[False, 'NA']"
Click URL,http://www.webmd.com/click?url=http%3A%2F%2Fwww.cdc.gov%2Fh1n1flu%2Fin_the_news%2Finfluenza_vaccination.htm,"[False, 'NA']"
Click URL,http://www.webmd.com/click?url=http%3A%2F%2Fwww.cdc.gov%2Fh1n1flu%2Fin_the_news%2Fupdated_cdc_estimates.htm,"[False, 'NA']"
Click URL,http://www.webmd.com/click?url=http%3A%2F%2Fwww.cdc.gov%2Fmmwr%2Fpreview%2Fmmwrhtml%2Fmm5827a4.htm,"[False, 'NA']"
Click URL,http://www.webmd.com/click?url=http%3A%2F%2Fwww.cdc.gov%2Fh1n1flu%2Fin_the_news%2Fdeaths_american_indians.htm,"[False, 'NA']"
Click URL,http://www.webmd.com/click?url=http%3A%2F%2Fjama.ama-assn.org%2Fcgi%2Fcontent%2Ffull%2F2009.1929,"[False, 'NA']"
Click URL,http://www.webmd.com/click?url=http%3A%2F%2Fwww.medpagetoday.com%2FMeetingCoverage%2FIDSA%2F16702,"[False, 'NA']"
Click URL,http://www.webmd.com/click?url=http%3A%2F%2Fwww.cdc.gov%2Fh1n1flu%2Fvaccination%2Fvaccine_safety.htm,"[False, 'NA']"
Click URL,http://www.webmd.com/click?url=http%3A%2F%2Fblogs.webmd.com%2Ffocus-on-flu%2F2009%2F12%2Fwhat-you-need-to-know-about-h1n1.html,"[False, 'NA']"
Click URL,http://www.webmd.com/click?url=http%3A%2F%2Fwww.cdc.gov%2Fh1n1flu%2Fvaccination%2Fsyringes_qa.htm,"[False, 'NA']"
Click URL,http://www.webmd.com/click?url=http%3A%2F%2Fwww.flu.gov%2F,"[False, 'NA']"
Click URL,http://www.webmd.com/click?url=http%3A%2F%2Fwww.cdc.gov%2Ffl,"[False, 'NA']"
Click URL,http://www.webmd.com/click?url=http%3A%2F%2Fwww.webmd.com%2Fcold-and-flu%2Fnews%2F20091215%2Fh1n1-swine-flu-shots-for-kids-recalled,"[False, 'NA']"
Click URL,http://www.webmd.com/click?url=http%3A%2F%2Fwww.cdc.gov%2Fmmwr%2Fpreview%2Fmmwrhtml%2Fmm5848a4.htm,"[False, 'NA']"
Click URL,http://www.webmd.com/click?url=http%3A%2F%2Fwww.cdc.gov%2Fvaccinesafety%2FActivities%2FVAERS.html,"[False, 'NA']"
Click URL,http://www.webmd.com/click?url=http%3A%2F%2Fwww.cdc.gov%2Fvaccinesafety%2FActivities%2FVSD.html,"[False, 'NA']"
Click URL,http://www.webmd.com/click?url=http%3A%2F%2Fwww.cdc.gov%2FH1N1flu%2Fvaccination%2Fstatelocal%2Fletter_template_HCP.htm,"[False, 'NA']"
Reye Syndrome,http://www.webmd.com/hw-popup/reyes-syndrome,"[False, 'NA']"
Thyroid Gland,http://www.webmd.com/hw-popup/thyroid-gland-7329,"[False, 'NA']"
Thyroxine (T4),http://www.webmd.com/hw-popup/thyroxine-t4,"[False, 'NA']"
Radioactive Tracer,http://www.webmd.com/hw-popup/what-is-a-radioactive-tracer-def,"[False, 'NA']"
Hyperthyroidism,http://www.webmd.com/hw-popup/hyperthyroidism,"[False, 'NA']"
Thyroid-Stimulating Hormone (TSH),http://www.webmd.com/hw-popup/thyroid-stimulating-hormone-tsh,"[False, 'NA']"
Upper Gastrointestinal Series,http://www.webmd.com/hw-popup/upper-gastrointestinal-series,"[False, 'NA']"
Potassium,http://www.webmd.com/hw-popup/potassium,"[False, 'NA']"
Diuretic,http://www.webmd.com/hw-popup/diuretic,"[False, 'NA']"
Beta-Blocker Medicines,http://www.webmd.com/hw-popup/beta-blocker-medications,"[False, 'NA']"
Lean Pockets Spinach Artichoke Chicken «  Healthy Recipe Doctor,http://blogs.webmd.com/healthy-recipe-doctor/2011/09/lean-pockets-spinach-artichoke-chicken.html#more-3665,"[False, 'NA']"
Click URL,http://www.webmd.com/click?url=http%3A%2F%2Fwww.nytimes.com%2F2010%2F03%2F24%2Fbusiness%2F24menu.html,"[False, 'NA']"
Pumpkin Spice Granola Bars «  Healthy Recipe Doctor,http://blogs.webmd.com/healthy-recipe-doctor/2011/08/pumpkin-spice-granola-bars.html#more-3652,"[False, 'NA']"
Four Fantastic Breakfasts «  Healthy Recipe Doctor,http://blogs.webmd.com/healthy-recipe-doctor/2011/08/four-fantastic-breakfasts.html#more-3593,"[False, 'NA']"
Click URL,http://www.webmd.com/click?url=http%3A%2F%2Fjama.ama-assn.org%2Fcontent%2F306%2F8%2F831.short,"[False, 'NA']"
Foods That Help Lower Your Cholesterol «  Healthy Recipe Doctor,http://blogs.webmd.com/healthy-recipe-doctor/2011/08/foods-that-help-lower-your-cholesterol.html#more-3643,"[False, 'NA']"
A New White Pasta That’s Also High in Fiber  «  Healthy Recipe Doctor,http://blogs.webmd.com/healthy-recipe-doctor/2011/08/a-new-white-pasta-thats-also-high-in-fiber.html#more-3635,"[False, 'NA']"
Fungus,http://www.webmd.com/hw-popup/fungus,"[False, 'NA']"
Fungal Nail Infections,http://www.webmd.com/hw-popup/fungal-nail-infections-onychomycosis,"[False, 'NA']"
Click URL,http://www.webmd.com/click?url=http://www.flickr.com/photos/8106459@N07/495658264/,"[False, 'NA']"
Click URL,http://www.webmd.com/click?url=http://www.c71123.com,"[False, 'NA']"
Click URL,http://www.webmd.com/click?url=http://www.ataricharm.com/,"[False, 'NA']"
Click URL,http://www.webmd.com/click?url=http://www.entomology.wisc.edu/entodiag.html,"[False, 'NA']"
Click URL,http://www.webmd.com/click?url=http://www.jinaa.com,"[False, 'NA']"
Psoriatic Arthritis,http://www.webmd.com/hw-popup/psoriatic-arthritis,"[False, 'NA']"
Bulging Discs,http://www.webmd.com/hw-popup/bulging-discs,"[False, 'NA']"
Herniated Disc,http://www.webmd.com/hw-popup/herniated-disc-7991,"[False, 'NA']"
Degenerative Disc Disease,http://www.webmd.com/hw-popup/degenerative-disc-disease,"[False, 'NA']"
Vertebrae,http://www.webmd.com/hw-popup/vertebrae,"[False, 'NA']"
Nervous System,http://www.webmd.com/hw-popup/nervous-system-7782,"[False, 'NA']"
Spine,http://www.webmd.com/hw-popup/spine-7447,"[False, 'NA']"
Cartilage,http://www.webmd.com/hw-popup/cartilage-8268,"[False, 'NA']"
Gigantism,http://www.webmd.com/hw-popup/gigantism,"[False, 'NA']"
Dwarfism,http://www.webmd.com/hw-popup/dwarfism,"[False, 'NA']"
Acromegaly,http://www.webmd.com/hw-popup/acromegaly,"[False, 'NA']"
Health  Fitness: Get Strong,http://www.webmd.com/fitness-exercise/guide/health-fitness-get-strong,"[False, 'NA']"
None,http://img.webmd.com/dtmcms/live/webmd/consumer_assets/site_images/media/pdf/hw/form_tp23272.pdf,"[False, 'NA']"
Click URL,http://www.webmd.com/click?url=http%3A%2F%2Fwww.webmd.com%2Fcold-and-flu%2Fslideshow-cold-or-flu,"[False, 'NA']"
Educational Collaboration,http://www.webmd.com/educational-collaboration,"[False, 'NA']"
Sleep Apnea,http://www.webmd.com/hw-popup/sleep-apnea,"[False, 'NA']"
Local Anesthesia,http://www.webmd.com/hw-popup/local-anesthesia,"[False, 'NA']"
Outpatient Services,http://www.webmd.com/hw-popup/outpatient-services,"[False, 'NA']"
Plastic Surgeon,http://www.webmd.com/hw-popup/plastic-surgeon,"[False, 'NA']"
"Ear, Nose, and Throat Specialist (Otolaryngologist)",http://www.webmd.com/hw-popup/otolaryngologist-ear-nose-and-throat-specialist,"[False, 'NA']"
Anxiety,http://www.webmd.com/hw-popup/anxiety,"[False, 'NA']"
Stress,http://www.webmd.com/hw-popup/stress,"[False, 'NA']"
Schizophrenia,http://www.webmd.com/hw-popup/schizophrenia,"[False, 'NA']"
Lymph Nodes,http://www.webmd.com/hw-popup/lymph-nodes-7870,"[False, 'NA']"
Lymph System,http://www.webmd.com/hw-popup/lymphatic-system,"[False, 'NA']"
Blood Transfusion,http://www.webmd.com/hw-popup/blood-transfusion,"[False, 'NA']"
Genetic Counselor,http://www.webmd.com/hw-popup/genetic-counselor,"[False, 'NA']"
U.S. Preventive Services Task Force,http://www.webmd.com/hw-popup/us-preventive-services-task-force,"[False, 'NA']"
Sickle Cell Trait,http://www.webmd.com/hw-popup/sickle-cell-trait,"[False, 'NA']"
Carrier,http://www.webmd.com/hw-popup/carrier,"[False, 'NA']"
Jaundice,http://www.webmd.com/hw-popup/jaundice,"[False, 'NA']"
Second-Degree Burns,http://www.webmd.com/hw-popup/second-degree-burns,"[False, 'NA']"
Vascular Dementia,http://www.webmd.com/hw-popup/vascular-dementia,"[False, 'NA']"
Plaque (Artery),http://www.webmd.com/hw-popup/plaque-artery,"[False, 'NA']"
Carotid Artery,http://www.webmd.com/hw-popup/carotid-artery,"[False, 'NA']"
None,http://blogs.webmd.com/womens-health/2008/02/what-are-those-little-white-bumps_26.html,"[False, 'NA']"
None,http://blogs.webmd.com/womens-health/2008/03/my-ultrasound-found-ovarian-cyst.html,"[False, 'NA']"
None,http://blogs.webmd.com/sleep-disorders/2008/03/6-minutes-to-sharper-memory.html,"[False, 'NA']"
None,http://blogs.webmd.com/sleep-disorders/2008/01/heath-ledgers-tragedy-can-you-od-on.html,"[False, 'NA']"
None,http://blogs.webmd.com/cosmetic-surgery/2008/09/madonna-turns-50-looks-like-40-how.html,"[False, 'NA']"
None,http://blogs.webmd.com/safety4kids/2008/06/dry-drowning-invisible-tragedy.html,"[False, 'NA']"
Speculum Examination and Bimanual Pelvic Examination,http://www.webmd.com/hw-popup/speculum-examination-and-bimanual-pelvic-examination,"[False, 'NA']"
Click URL,http://www.webmd.com/click?url=http%3A%2F%2Fwww.webmd.com%2Fvitamins-and-supplements%2Fnews%2F20131216%2Fexperts-dont-waste-your-money-on-multivitamins,"[False, 'NA']"
Click URL,http://www.webmd.com/click?url=http%3A%2F%2Fwww.friedmandiabetesinstitute.com%2F,"[False, 'NA']"
Click URL,http://www.webmd.com/click?url=http%3A%2F%2Faadi.joslin.org%2Fflash%2FWok3.html%3Flan%3Den,"[False, 'NA']"
Click URL,http://www.webmd.com/click?url=http%3A%2F%2Fdiabetes.webmd.com%2Fnews%2F20110503%2Fexercise-programs-help-control-diabetes,"[False, 'NA']"
Click URL,http://www.webmd.com/click?url=http%3A%2F%2Fdiabetes.webmd.com%2Fperipheral-neuropathy-8%2Fbalance-exercise-tips,"[False, 'NA']"
Click URL,http://www.webmd.com/click?url=http%3A%2F%2Fdiabetes.webmd.com%2Fnews%2F20110323%2Fcocoa-rich-in-health-benefits,"[False, 'NA']"
Click URL,http://www.webmd.com/click?url=http%3A%2F%2Fwww.webmd.com%2Fhypertension-high-blood-pressure%2Fguide%2Fblood-pressure-causes,"[False, 'NA']"
Click URL,http://www.webmd.com/click?url=http%3A%2F%2Fwww.webmd.com%2Fheart%2Fanatomy-picture-of-blood,"[False, 'NA']"
Click URL,http://www.webmd.com/click?url=http%3A%2F%2Fwww.webmd.com%2Fcholesterol-management%2Fdefault.htm,"[False, 'NA']"
Click URL,http://www.webmd.com/click?url=http%3A%2F%2Fdiabetes.webmd.com%2Fguide%2Finsulin-resistance-syndrome,"[False, 'NA']"
Click URL,http://www.webmd.com/click?url=http%3A%2F%2Fdiabetes.webmd.com%2Fnews%2F20110126%2Fcdc-26-million-americans-have-diabetes,"[False, 'NA']"
Click URL,http://www.webmd.com/click?url=http%3A%2F%2Fdiabetes.webmd.com%2Fslideshow-type-2-diabetes-overview,"[False, 'NA']"
Click URL,http://www.webmd.com/click?url=http://www.google.com/policies/privacy/partners,"[False, 'NA']"
Click URL,http://www.webmd.com/click?url=https%3A//www.urac.org/directory/CompanyView.aspx%3Fcid=C8700000F48%26aid=1951%26Type=Accreditnet,"[False, 'NA']"
Click URL,http://www.webmd.com/click?url=http%3A//www.urac.org,"[False, 'NA']"
Click URL,http://www.webmd.com/click?url=http%3A//www.urac.org/directory/CompanyView.aspx?cid=C8700000F48&aid=1951&Type=Accreditnet,"[False, 'NA']"
Click URL,http://www.webmd.com/click?url=http://www.addvance.com,"[False, 'NA']"
Lightheadedness,http://www.webmd.com/hw-popup/lightheadedness,"[False, 'NA']"
Seizure,http://www.webmd.com/hw-popup/seizure,"[False, 'NA']"
Sedatives and Tranquilizers,http://www.webmd.com/hw-popup/sedatives-and-tranquilizers,"[False, 'NA']"
Congenital Heart Defects,http://www.webmd.com/hw-popup/congenital-heart-defects,"[False, 'NA']"
Coronary Artery Bypass Graft Surgery,http://www.webmd.com/hw-popup/coronary-artery-bypass-graft-surgery,"[False, 'NA']"
Angioplasty,http://www.webmd.com/hw-popup/angioplasty-8397,"[False, 'NA']"
Cholesterol,http://www.webmd.com/hw-popup/cholesterol,"[False, 'NA']"
Triglycerides,http://www.webmd.com/hw-popup/triglycerides,"[False, 'NA']"
Total Cholesterol,http://www.webmd.com/hw-popup/total-cholesterol,"[False, 'NA']"
LDL (Low-Density Lipoprotein) Cholesterol,http://www.webmd.com/hw-popup/ldl-low-density-lipoprotein-cholesterol,"[False, 'NA']"
HDL Cholesterol,http://www.webmd.com/hw-popup/hdl-high-density-lipoprotein-cholesterol,"[False, 'NA']"
Vaginal Birth After Cesarean (VBAC),http://www.webmd.com/hw-popup/vaginal-birth-after-cesarean-vbac,"[False, 'NA']"
Click URL,http://www.webmd.com/click?url=http://www.fda.gov/Safety/MedWatch/default.htm,"[False, 'NA']"
Click URL,http://www.webmd.com/click?url=http://www.dukehealth.org/Services/GeneralConsultativeHeartCare,"[False, 'NA']"
Albumin,http://www.webmd.com/hw-popup/albumin,"[False, 'NA']"
Lupus,http://www.webmd.com/hw-popup/lupus,"[False, 'NA']"
Chronic Kidney Disease,http://www.webmd.com/hw-popup/chronic-kidney-disease-8193,"[False, 'NA']"
Addiction,http://www.webmd.com/hw-popup/addiction,"[False, 'NA']"
Amino Acid,http://www.webmd.com/hw-popup/amino-acid,"[False, 'NA']"
Vitamins,http://www.webmd.com/hw-popup/vitamins,"[False, 'NA']"
Riboflavin,http://www.webmd.com/hw-popup/riboflavin,"[False, 'NA']"
Red Blood Cell (Erythrocyte),http://www.webmd.com/hw-popup/red-blood-cell-erythrocyte,"[False, 'NA']"
Folic Acid (Folates),http://www.webmd.com/hw-popup/folic-acid-folates,"[False, 'NA']"
DNA,http://www.webmd.com/hw-popup/dna,"[False, 'NA']"
Antioxidants,http://www.webmd.com/hw-popup/antioxidants,"[False, 'NA']"
Down Syndrome,http://www.webmd.com/hw-popup/down-syndrome,"[False, 'NA']"
Trisomy 18,http://www.webmd.com/hw-popup/trisomy-18,"[False, 'NA']"
Rheumatoid Arthritis,http://www.webmd.com/hw-popup/rheumatoid-arthritis,"[False, 'NA']"
Pneumonia,http://www.webmd.com/hw-popup/pneumonia,"[False, 'NA']"
Fever,http://www.webmd.com/hw-popup/fever,"[False, 'NA']"
Fracture,http://www.webmd.com/hw-popup/fracture,"[False, 'NA']"
Dislocation,http://www.webmd.com/hw-popup/dislocation,"[False, 'NA']"
Pacifier,http://www.webmd.com/hw-popup/pacifier,"[False, 'NA']"
Orthodontics and Orthodontic Treatment,http://www.webmd.com/hw-popup/orthodontic-treatment,"[False, 'NA']"
Language Delay,http://www.webmd.com/hw-popup/language-delay,"[False, 'NA']"
Contact Dermatitis,http://www.webmd.com/hw-popup/contact-dermatitis-8212,"[False, 'NA']"
Measles,http://www.webmd.com/hw-popup/measles,"[False, 'NA']"
Moderate-Intensity Aerobic Activity,http://www.webmd.com/hw-popup/moderate-intensity-aerobic-fitness,"[False, 'NA']"
Premature Infant,http://www.webmd.com/hw-popup/premature-infant,"[False, 'NA']"
Autopsy,http://www.webmd.com/hw-popup/autopsy,"[False, 'NA']"
Fibromyalgia,http://www.webmd.com/hw-popup/fibromyalgia,"[False, 'NA']"
Immunity,http://www.webmd.com/hw-popup/immunity,"[False, 'NA']"
Psychiatrist,http://www.webmd.com/hw-popup/psychiatrist,"[False, 'NA']"
Psychologist,http://www.webmd.com/hw-popup/psychologist,"[False, 'NA']"
Licensed Mental Health Counselor,http://www.webmd.com/hw-popup/licensed-mental-health-counselor,"[False, 'NA']"
Avoidant Personality Disorder,http://www.webmd.com/hw-popup/avoidant-personality-disorder,"[False, 'NA']"
Click URL,http://www.webmd.com/click?url=http://dermatology.cdlib.org/133/case_presentations/nephrogenic/restrepo.html,"[False, 'NA']"
Aspirin and Reye Syndrome,http://www.webmd.com/hw-popup/aspirin-and-reyes-syndrome,"[False, 'NA']"
Liver Biopsy,http://www.webmd.com/hw-popup/liver-biopsy,"[False, 'NA']"
Lumbar Puncture,http://www.webmd.com/hw-popup/lumbar-puncture-7900,"[False, 'NA']"
Biofeedback,http://www.webmd.com/hw-popup/biofeedback,"[False, 'NA']"
None,http://img.webmd.com/dtmcms/live/webmd/consumer_assets/site_images/sponsored_programs/fit-initiative/printables/fit_get_ready_for_bed_game.pdf,"[False, 'NA']"
Click URL,http://www.webmd.com/click?url=http://www.tbtam.com/,"[False, 'NA']"
Tubal Ligation,http://www.webmd.com/hw-popup/tubal-ligation,"[False, 'NA']"
Birth Control,http://www.webmd.com/hw-popup/birth-control,"[False, 'NA']"
Hearing Loss,http://www.webmd.com/hw-popup/hearing-loss,"[False, 'NA']"
Click URL,http://www.webmd.com/click?url=https://www.iffgd.org/store/downloadfile/PDD,"[False, 'NA']"
Funded By,http://www.webmd.com/funded-by,"[False, 'NA']"
Endocrinologist,http://www.webmd.com/hw-popup/endocrinologist,"[False, 'NA']"
Pheochromocytoma,http://www.webmd.com/hw-popup/pheochromocytoma,"[False, 'NA']"
Graves' Disease,http://www.webmd.com/hw-popup/graves-disease,"[False, 'NA']"
Hashimoto's Thyroiditis,http://www.webmd.com/hw-popup/hashimotos-thyroiditis,"[False, 'NA']"
Hemophilia,http://www.webmd.com/hw-popup/hemophilia,"[False, 'NA']"
Platelet,http://www.webmd.com/hw-popup/platelet,"[False, 'NA']"
Plasma,http://www.webmd.com/hw-popup/plasma,"[False, 'NA']"
Hair Loss,http://www.webmd.com/hw-popup/hair-loss,"[False, 'NA']"
Vulva,http://www.webmd.com/hw-popup/vulva,"[False, 'NA']"
Cervical Biopsy,http://www.webmd.com/hw-popup/cervical-biopsy,"[False, 'NA']"
Atrophic Vaginitis,http://www.webmd.com/hw-popup/atrophic-vaginitis,"[False, 'NA']"
Click URL,http://www.webmd.com/click?url=http%3A%2F%2Fwww.hi-maize.com%2FHiMaize%2FUSA%2FFAQ%2F,"[False, 'NA']"
Diabetic Ketoacidosis (DKA),http://www.webmd.com/hw-popup/diabetic-ketoacidosis-dka,"[False, 'NA']"
Placenta,http://www.webmd.com/hw-popup/placenta,"[False, 'NA']"
Trimester,http://www.webmd.com/trimester,"[False, 'NA']"
Diaphragm,http://www.webmd.com/hw-popup/options-birth-control,"[False, 'NA']"
Athlete's Foot,http://www.webmd.com/hw-popup/athletes-foot,"[False, 'NA']"
Antibiotics,http://www.webmd.com/hw-popup/antibiotics,"[False, 'NA']"
Lyme Disease,http://www.webmd.com/hw-popup/lyme-disease,"[False, 'NA']"
Avulsion Fracture,http://www.webmd.com/hw-popup/avulsion-fracture,"[False, 'NA']"
Sprain,http://www.webmd.com/hw-popup/sprain,"[False, 'NA']"
Muscle Strain,http://www.webmd.com/hw-popup/muscle-strain,"[False, 'NA']"
Bruises (Contusions),http://www.webmd.com/hw-popup/bruises-contusions,"[False, 'NA']"
Antigen,http://www.webmd.com/hw-popup/antigen,"[False, 'NA']"
Latent Tuberculosis Infection,http://www.webmd.com/hw-popup/latent-tuberculosis-infection,"[False, 'NA']"
Seasonal Affective Disorder (SAD),http://www.webmd.com/hw-popup/seasonal-affective-disorder-sad,"[False, 'NA']"
Insomnia,http://www.webmd.com/hw-popup/insomnia,"[False, 'NA']"
Nighttime Leg Cramps,http://www.webmd.com/hw-popup/nighttime-leg-cramps,"[False, 'NA']"
Ear Infection (Acute Otitis Media),http://www.webmd.com/ear-infection-otitis-media,"[False, 'NA']"
Endoscope,http://www.webmd.com/hw-popup/endoscope,"[False, 'NA']"
Laser,http://www.webmd.com/hw-popup/laser,"[False, 'NA']"
Bronchoscopy,http://www.webmd.com/hw-popup/bronchoscopy-8294,"[False, 'NA']"
Malaria,http://www.webmd.com/hw-popup/malaria,"[False, 'NA']"
Viral Culture,http://www.webmd.com/hw-popup/viral-culture,"[False, 'NA']"
Carbon Monoxide Poisoning,http://www.webmd.com/hw-popup/carbon-monoxide-poisoning-8272,"[False, 'NA']"
Hemoglobin,http://www.webmd.com/hw-popup/hemoglobin-7998,"[False, 'NA']"
Aorta,http://www.webmd.com/hw-popup/aorta-8354,"[False, 'NA']"
Aneurysm,http://www.webmd.com/hw-popup/aneurysm,"[False, 'NA']"
Coronary Artery Disease,http://www.webmd.com/coronary-artery-disease-8221,"[False, 'NA']"
Magnetic Resonance Angiogram (MRA),http://www.webmd.com/hw-popup/magnetic-resonance-angiogram-mra,"[False, 'NA']"
CT Angiography,http://www.webmd.com/hw-popup/ct-angiography,"[False, 'NA']"
Angiogram,http://www.webmd.com/hw-popup/arteriogram,"[False, 'NA']"
Tay-Sachs Disease,http://www.webmd.com/hw-popup/tay-sachs-disease,"[False, 'NA']"
Polycystic Kidney Disease,http://www.webmd.com/hw-popup/polycystic-kidney-disease,"[False, 'NA']"
First-Degree Burn,http://www.webmd.com/hw-popup/first-degree-burn,"[False, 'NA']"
Suntan,http://www.webmd.com/hw-popup/suntan,"[False, 'NA']"
Bone Biopsy,http://www.webmd.com/hw-popup/bone-biopsy,"[False, 'NA']"
Testosterone,http://www.webmd.com/hw-popup/testosterone,"[False, 'NA']"
Endocrine System,http://www.webmd.com/hw-popup/endocrine-system,"[False, 'NA']"
Polycystic Ovary Syndrome,http://www.webmd.com/hw-popup/polycystic-ovary-syndrome,"[False, 'NA']"
Cushing's Syndrome,http://www.webmd.com/hw-popup/cushings-syndrome-and-cushings-disease,"[False, 'NA']"
Paralysis,http://www.webmd.com/hw-popup/paralysis,"[False, 'NA']"
Click URL,http://www.webmd.com/click?url=http%3A%2F%2Fwww.webmd.com%2Fcholesterol-management%2Fnews%2F20080125%2Fvytorin-study-to-get-fda-review,"[False, 'NA']"
Click URL,http://www.webmd.com/click?url=http%3A%2F%2Fwww.webmd.com%2Fcholesterol-management%2Fnews%2F20080115%2Fstudy-casts-doubts-on-vytorin-zetia,"[False, 'NA']"
Click URL,http://www.webmd.com/click?url=http%3A%2F%2Fwww.webmd.com%2Fheart-disease%2Fcardiac-enzyme-studies,"[False, 'NA']"
Click URL,http://www.webmd.com/click?url=http%3A%2F%2Fwww.webmd.com%2Fheart-disease%2Fexercising-for-a-healthy-heart,"[False, 'NA']"
Click URL,http://www.webmd.com/click?url=http%3A%2F%2Fwww.webmd.com%2Fa-to-z-guides%2Ffunction-kidneys,"[False, 'NA']"
Click URL,http://www.webmd.com/click?url=http%3A%2F%2Fwww.webmd.com%2Fdrugs%2Fdrug-6040-Zocor.aspx%3Fdrugid%3D6040%26amp%3Bdrugname%3DZocor,"[False, 'NA']"
Click URL,http://www.webmd.com/click?url=http%3A%2F%2Fwww.webmd.com%2Fdrugs%2Fdrug-76704-Crestor.aspx%3Fdrugid%3D76704%26amp%3Bdrugname%3DCrestor,"[False, 'NA']"
Click URL,http://www.webmd.com/click?url=http%3A%2F%2Fwomen.webmd.com%2Fguide%2Funderstanding-thyroid-problems-basics,"[False, 'NA']"
Click URL,http://www.webmd.com/click?url=http%3A%2F%2Fwww.webmd.com%2Fhypertension-high-blood-pressure%2Fguide%2Fgrapefruit-juice-and-medication,"[False, 'NA']"
Click URL,http://www.webmd.com/click?url=http%3A%2F%2Fwww.webmd.com%2Fcholesterol-management%2Fnews%2F20061109%2Fstatins-could-benefit-more-people,"[False, 'NA']"
Click URL,http://www.webmd.com/click?url=http%3A%2F%2Fwww.webmd.com%2Fbalance%2Ftc%2Fcoenzyme-q10-topic-overview,"[False, 'NA']"
Click URL,http://www.webmd.com/click?url=http%3A%2F%2Fwww.webmd.com%2Fcholesterol-management%2Ffeatures%2Fhigh-cholesterol-treatment-what-works,"[False, 'NA']"
Click URL,http://www.webmd.com/click?url=http%3A%2F%2Fwww.webmd.com%2Fcholesterol-management%2Ffeatures%2Fhigh-cholesterol-risks-top-2-dangers,"[False, 'NA']"
Click URL,http://www.webmd.com/click?url=http%3A%2F%2Fblogs.webmd.com%2Fwomens-health%2Fuploaded_images%2Fquestion-mark-723314.jpg,"[False, 'NA']"
Click URL,http://www.webmd.com/click?url=http%3A%2F%2Fwww.webmd.com%2Fallergies%2Fnews%2F20080604%2Fgood-bacteria-may-ease-hay-fever,"[False, 'NA']"
Click URL,http://www.webmd.com/click?url=http%3A%2F%2Fwww.webmd.com%2Fdrugs%2Fsearch.aspx%3Fstype%3Ddrug%26amp%3Bquery%3Dhydrogen%2520peroxide,"[False, 'NA']"
Click URL,http://www.webmd.com/click?url=http%3A%2F%2Fwww.webmd.com%2Fa-to-z-guides%2FE-coli-Infection-Topic-Overview,"[False, 'NA']"
Click URL,http://www.webmd.com/click?url=http%3A%2F%2Fwww.webmd.com%2Fsexual-conditions%2Ftc%2Ftrichomoniasis-topic-overview,"[False, 'NA']"
Click URL,http://www.webmd.com/click?url=http%3A%2F%2Fwww.webmd.com%2Fsexual-conditions%2Ftc%2Fbacterial-vaginosis-topic-overview,"[False, 'NA']"
Click URL,http://www.webmd.com/click?url=http%3A%2F%2Fwomen.webmd.com%2Ftc%2Fvaginal-yeast-infections-topic-overview,"[False, 'NA']"
Click URL,http://www.webmd.com/click?url=http%3A%2F%2Fwomen.webmd.com%2Fvaginitis-overview,"[False, 'NA']"
Click URL,http://www.webmd.com/click?url=http%3A%2F%2Fwww.webmd.com%2Fsex-relationships%2Fbirth-control-pill,"[False, 'NA']"
Click URL,http://www.webmd.com/click?url=http%3A%2F%2Fwww.webmd.com%2Fsex%2Fbirth-control%2Fnuvaring,"[False, 'NA']"
Click URL,http://www.webmd.com/click?url=http%3A%2F%2Fwww.webmd.com%2Fsex%2Fbirth-control%2Fprogestin-only-hormonal-methods-mini-pills-shots,"[False, 'NA']"
Click URL,http://www.webmd.com/click?url=http%3A%2F%2Fwww.webmd.com%2Fsex%2Fbirth-control%2Fintrauterine-device-iud-for-birth-control,"[False, 'NA']"
Click URL,http://www.webmd.com/click?url=http%3A%2F%2Fwww.webmd.com%2Fsex%2Fbirth-control%2Fbirth-control-condoms,"[False, 'NA']"
Click URL,http://www.webmd.com/click?url=http%3A%2F%2Fwww.webmd.com%2Fsex%2Fbirth-control%2Fbirth-control-spermicides,"[False, 'NA']"
Click URL,http://www.webmd.com/click?url=http%3A%2F%2Fwww.webmd.com%2Fsex%2Fbirth-control%2Foptions-birth-control,"[False, 'NA']"
Click URL,http://www.webmd.com/click?url=http%3A%2F%2Fwww.webmd.com%2Fsex%2Fbirth-control%2Fcervical-cap,"[False, 'NA']"
Click URL,http://www.webmd.com/click?url=http%3A%2F%2Fwww.webmd.com%2Fvideo%2Fcorio-vaginal-discharge,"[False, 'NA']"
Click URL,http://www.webmd.com/click?url=http%3A%2F%2Fwww.webmd.com%2Fvideo%2Fcorio-yeast-infection,"[False, 'NA']"
Click URL,http://www.webmd.com/click?url=http%3A%2F%2Fwww.webmd.com%2Fvideo%2Fcorio-douche,"[False, 'NA']"
Click URL,http://www.webmd.com/click?url=http%3A%2F%2Fblogs.webmd.com%2Fmens-health-office%2Fuploaded_images%2Fsnake-oil-salesman-796373.jpg,"[False, 'NA']"
Click URL,http://www.webmd.com/click?url=http%3A%2F%2Fmen.webmd.com%2Ffeatures%2Fmale-enhancement-is-it-worth-try,"[False, 'NA']"
Click URL,http://www.webmd.com/click?url=http%3A%2F%2Fwww.webmd.com%2Fa-to-z-guides%2Ffeatures%2Flook-back-old-time-medicines,"[False, 'NA']"
Click URL,http://www.webmd.com/click?url=http%3A%2F%2Fmen.webmd.com%2Fnews%2F20060216%2Fpenis-lengthening-surgery-questioned,"[False, 'NA']"
Click URL,http://www.webmd.com/click?url=http%3A%2F%2Fmen.webmd.com%2Ffeatures%2F5-things-you-did-not-know-about-your-penis,"[False, 'NA']"
Click URL,http://www.webmd.com/click?url=http%3A%2F%2Fmen.webmd.com%2Ffeatures%2Fpenis-enlargement-does-it-work,"[False, 'NA']"
Click URL,http://www.webmd.com/click?url=http%3A%2F%2Fblogs.webmd.com%2Feye-on-vision%2Fuploaded_images%2Flightbulb-741709.jpg,"[False, 'NA']"
Click URL,http://www.webmd.com/click?url=http%3A%2F%2Fnews.bbc.co.uk%2F2%2Fhi%2Fhealth%2F7167860.stm,"[False, 'NA']"
Click URL,http://www.webmd.com/click?url=http%3A%2F%2Fwww.webmd.com%2Fmigraines-headaches%2Fdefault.htm,"[False, 'NA']"
Click URL,http://www.webmd.com/click?url=http%3A%2F%2Fwww.webmd.com%2Fmigraines-headaches%2Fidentifying-and-avoiding-migraine-triggers,"[False, 'NA']"
Click URL,http://www.webmd.com/click?url=http%3A%2F%2Fwww.webmd.com%2Fparenting%2Ffeatures%2Fmake-the-switch,"[False, 'NA']"
Click URL,http://www.webmd.com/click?url=http%3A%2F%2Fwww.webmd.com%2Fmigraines-headaches%2Fheading-off-migraine-pain-medref,"[False, 'NA']"
Click URL,http://www.webmd.com/click?url=http%3A%2F%2Fdiabetes.webmd.com%2Fguide%2Fglycated-hemoglobin-test-hba1c,"[False, 'NA']"
Click URL,http://www.webmd.com/click?url=http%3A%2F%2Fwww.mcclatchydc.com%2F2010%2F09%2F13%2F100521%2Fus-pledges-millions-to-end-child.html,"[False, 'NA']"
Click URL,http://www.webmd.com/click?url=http%3A%2F%2Fdiabetes.webmd.com%2Ftc%2Fprediabetes-topic-overview,"[False, 'NA']"
Click URL,http://www.webmd.com/click?url=http%3A%2F%2Fdiabetes.webmd.com%2Fdefault.htm,"[False, 'NA']"
Click URL,http://www.webmd.com/click?url=http%3A%2F%2Fdiabetes.webmd.com%2Ffeatures%2Fdiabetes-weight-loss,"[False, 'NA']"
Pulmonary Embolism,http://www.webmd.com/hw-popup/pulmonary-embolism,"[False, 'NA']"
Electrocardiogram (EKG or ECG),http://www.webmd.com/hw-popup/electrocardiogram-ekg-or-ecg,"[False, 'NA']"
Epstein-Barr Virus,http://www.webmd.com/hw-popup/epstein-barr-virus,"[False, 'NA']"
"Tips for mind, body, and spirit as you begin treatment.",http://www.webmd.com/cancer/facing-chemotherapy-15/getting-ready/video-starting-chemo,"[False, 'NA']"
Neural Tube Defect,http://www.webmd.com/hw-popup/neural-tube-defect,"[False, 'NA']"
Plantar Fasciitis,http://www.webmd.com/hw-popup/plantar-fasciitis,"[False, 'NA']"
Heel Spurs,http://www.webmd.com/hw-popup/heel-spurs,"[False, 'NA']"
Pump Bump (Haglund's Deformity),http://www.webmd.com/hw-popup/pump-bump-haglunds-deformity,"[False, 'NA']"
Rotator Cuff,http://www.webmd.com/hw-popup/rotator-cuff,"[False, 'NA']"
Rotator Cuff Disorders,http://www.webmd.com/hw-popup/rotator-cuff-disorders,"[False, 'NA']"
Rheumatic Fever,http://www.webmd.com/hw-popup/rheumatic-fever,"[False, 'NA']"
Rheumatic Heart Disease,http://www.webmd.com/hw-popup/rheumatic-heart-disease,"[False, 'NA']"
Semen,http://www.webmd.com/hw-popup/semen,"[False, 'NA']"
Infertility,http://www.webmd.com/hw-popup/infertility,"[False, 'NA']"
Digital Rectal Exam,http://www.webmd.com/hw-popup/digital-rectal-exam,"[False, 'NA']"
Autism,http://www.webmd.com/hw-popup/autism,"[False, 'NA']"
Developmental Disabilities,http://www.webmd.com/hw-popup/developmental-disabilities,"[False, 'NA']"
Autoimmune Disease,http://www.webmd.com/hw-popup/autoimmune-disease,"[False, 'NA']"
Pap Test (Papanicolaou Test or Pap Smear),http://www.webmd.com/hw-popup/pap-test-papanicolaou-test-or-pap-smear,"[False, 'NA']"
Warts,http://www.webmd.com/hw-popup/warts,"[False, 'NA']"
Abnormal Pap Test,http://www.webmd.com/hw-popup/abnormal-pap-test,"[False, 'NA']"
Acute Stress Disorder,http://www.webmd.com/hw-popup/acute-stress-disorder,"[False, 'NA']"
Post-Traumatic Stress Disorder,http://www.webmd.com/hw-popup/post-traumatic-stress-disorder,"[False, 'NA']"
Click URL,http://www.webmd.com/click?url=http%3A%2F%2Fblogs.webmd.com%2Fsleep-disorders%2F2009%2F03%2Fwhats-in-a-dream.html,"[False, 'NA']"
Click URL,http://www.webmd.com/click?url=http%3A%2F%2Fblogs.webmd.com%2Fsleep-disorders%2F2010%2F02%2Fsleep-loss-brain-loss.html,"[False, 'NA']"
Click URL,http://www.webmd.com/click?url=http%3A%2F%2Fwww.dailymail.co.uk%2Fhealth%2Farticle-1289813%2FHow-bad-dreams-lead-high-anxiety.html,"[False, 'NA']"
Click URL,http://www.webmd.com/click?url=http%3A%2F%2Fblogs.webmd.com%2Fsleep-disorders%2F2006%2F05%2Fdepression-and-sleep.html,"[False, 'NA']"
Click URL,http://www.webmd.com/click?url=http%3A%2F%2Fwww.webmd.com%2Fsleep-disorders%2Fguide%2Fstress-busting-tips,"[False, 'NA']"
Click URL,http://www.webmd.com/click?url=http%3A%2F%2Fwww.webmd.com%2Fbalance%2Fstress-management%2Fdefault.htm,"[False, 'NA']"
Click URL,http://www.webmd.com/click?url=http%3A%2F%2Fblogs.webmd.com%2Fsleep-disorders%2F2008%2F09%2Fwall-street-got-your-sleep.html,"[False, 'NA']"
Click URL,http://www.webmd.com/click?url=http%3A%2F%2Fwww.webmd.com%2Fsleep-disorders%2Fguide%2Finsomnia-symptoms-and-causes,"[False, 'NA']"
Click URL,http://www.webmd.com/click?url=http%3A%2F%2Fwww.webmd.com%2Fdepression%2Fdefault.htm,"[False, 'NA']"
Click URL,http://www.webmd.com/click?url=http%3A%2F%2Fwww.webmd.com%2Fanxiety-panic%2Fdefault.htm,"[False, 'NA']"
Click URL,http://www.webmd.com/click?url=http%3A%2F%2Fwww.thesleepdoctor.com%2F,"[False, 'NA']"
Click URL,http://www.webmd.com/click?url=http%3A%2F%2Fwww.thesleepdoctor.com,"[False, 'NA']"
Click URL,http://www.webmd.com/click?url=http%3A%2F%2Fforums.webmd.com%2F3%2Fsleep-disorders-exchange%2Fforum%2F1218%3F%40%40,"[False, 'NA']"
Click URL,http://www.webmd.com/click?url=http://www.cdc.gov/flu/protect/habits,"[False, 'NA']"
Click URL,http://www.webmd.com/click?url=http://www.cdc.gov/flu/protect/habits.htm,"[False, 'NA']"
Click URL,http://www.webmd.com/click?url=http://www.cdc.gov/h1n1flu/masks.htm,"[False, 'NA']"
Shock,http://www.webmd.com/hw-popup/shock,"[False, 'NA']"
Trimester,http://www.webmd.com/hw-popup/trimester,"[False, 'NA']"
Atrial Fibrillation,http://www.webmd.com/hw-popup/atrial-fibrillation,"[False, 'NA']"
Click URL,http://www.webmd.com/click?url=http://tudiabetes.com/profile/AlishaWilkes,"[False, 'NA']"
Click URL,http://www.webmd.com/click?url=http://www.islandveincenter.com/index.html,"[False, 'NA']"
Click URL,http://www.webmd.com/click?url=http://www.facialsurgery.com/,"[False, 'NA']"
Click URL,http://www.webmd.com/click?url=http://www.bevhillsdoc.com/,"[False, 'NA']"
Click URL,http://www.webmd.com/click?url=http://www.youngmedicalspa.com/,"[False, 'NA']"
Click URL,http://www.webmd.com/click?url=http://www.aestheticprofessional.com/,"[False, 'NA']"
Vitamin B12,http://www.webmd.com/hw-popup/vitamin-b12,"[False, 'NA']"
Vitamin B12 Deficiency Anemia,http://www.webmd.com/hw-popup/vitamin-b12-deficiency-anemia,"[False, 'NA']"
Megaloblastic Anemia,http://www.webmd.com/hw-popup/megaloblastic-anemia,"[False, 'NA']"
Drainage Angle in the Eye,http://www.webmd.com/hw-popup/drainage-angle-in-the-eye,"[False, 'NA']"
Glaucoma,http://www.webmd.com/hw-popup/glaucoma,"[False, 'NA']"
Optic Nerve,http://www.webmd.com/hw-popup/optic-nerve-7742,"[False, 'NA']"
Skin Tag,http://www.webmd.com/hw-popup/skin-tag,"[False, 'NA']"
Ringworm,http://www.webmd.com/hw-popup/ringworm,"[False, 'NA']"
Tinea Versicolor,http://www.webmd.com/hw-popup/tinea-versicolor,"[False, 'NA']"
Eczema,http://www.webmd.com/hw-popup/eczema,"[False, 'NA']"
Psoriasis,http://www.webmd.com/hw-popup/psoriasis-7622,"[False, 'NA']"
Syphilis,http://www.webmd.com/hw-popup/syphilis,"[False, 'NA']"
Blood Pressure,http://www.webmd.com/hw-popup/blood-pressure,"[False, 'NA']"
Phosphorus (Phosphate),http://www.webmd.com/hw-popup/phosphorus,"[False, 'NA']"
Minerals,http://www.webmd.com/hw-popup/minerals,"[False, 'NA']"
Calcium,http://www.webmd.com/hw-popup/calcium,"[False, 'NA']"
Vitamin D,http://www.webmd.com/hw-popup/vitamin-d,"[False, 'NA']"
Cartilage,http://www.webmd.com/cartilage-8268,"[False, 'NA']"
Pneumothorax (Collapsed Lung),http://www.webmd.com/hw-popup/pneumothorax-collapsed-lung,"[False, 'NA']"
Over-the-Counter Medicines,http://www.webmd.com/hw-popup/nonprescription-medications,"[False, 'NA']"
Antihistamines,http://www.webmd.com/hw-popup/antihistamines,"[False, 'NA']"
None,http://img.webmd.com/dtmcms/live/webmd/consumer_assets/site_images/sponsored_programs/recognize_symptoms_depression/cymbalta_mdd_diary-pdf_v02.pdf,"[False, 'NA']"
Click URL,http://www.webmd.com/click?url=http://www.andymatlock.com/,"[False, 'NA']"
Fitness: Getting and Staying Active-Topic Overview,http://www.webmd.com/fitness-exercise/fitness-overview,"[False, 'NA']"
Circadian Rhythms,http://www.webmd.com/hw-popup/circadian-rhythms,"[False, 'NA']"
Melatonin,http://www.webmd.com/hw-popup/melatonin,"[False, 'NA']"
Anticoagulants,http://www.webmd.com/hw-popup/anticoagulants,"[False, 'NA']"
Click URL,http://www.webmd.com/click?url=http://www.drtomfarley.com/,"[False, 'NA']"
Diverticular Bleeding,http://www.webmd.com/hw-popup/diverticular-bleeding,"[False, 'NA']"
Osteopenia,http://www.webmd.com/hw-popup/osteopenia,"[False, 'NA']"
Sun Protection Factor (SPF),http://www.webmd.com/hw-popup/sun-protection-factor-spf,"[False, 'NA']"
Severe Dehydration in Older Children and Adults,http://www.webmd.com/hw-popup/severe-dehydration,"[False, 'NA']"
Shock in Adults and Older Children,http://www.webmd.com/hw-popup/shock-in-adults-and-older-children,"[False, 'NA']"
Acne,http://www.webmd.com/hw-popup/acne,"[False, 'NA']"
Embryo,http://www.webmd.com/hw-popup/embryo,"[False, 'NA']"
Fertility Drugs,http://www.webmd.com/hw-popup/fertility-drugs,"[False, 'NA']"
In Vitro Fertilization (IVF),http://www.webmd.com/hw-popup/in-vitro-fertilization-ivf,"[False, 'NA']"
Click URL,http://www.webmd.com/click?url=http://www.medscape.com/cardiology,"[False, 'NA']"
Click URL,http://www.webmd.com/click?url=http://www.drjohnm.org/,"[False, 'NA']"
Click URL,http://www.webmd.com/click?url=https://twitter.com/drjohnm,"[False, 'NA']"
Bone Marrow,http://www.webmd.com/hw-popup/bone-marrow,"[False, 'NA']"
Aplastic Anemia,http://www.webmd.com/hw-popup/aplastic-anemia,"[False, 'NA']"
Mononucleosis,http://www.webmd.com/hw-popup/mononucleosis,"[False, 'NA']"
Spinal Stenosis,http://www.webmd.com/hw-popup/spinal-stenosis-7451,"[False, 'NA']"
Second Opinion,http://www.webmd.com/hw-popup/second-opinion,"[False, 'NA']"
Panic Attack,http://www.webmd.com/hw-popup/panic-attack,"[False, 'NA']"
Tonsils and Adenoids,http://www.webmd.com/hw-popup/tonsils-and-adenoids,"[False, 'NA']"
Scarlet Fever,http://www.webmd.com/hw-popup/scarlet-fever-7539,"[False, 'NA']"
Incubation Period,http://www.webmd.com/hw-popup/incubation-period,"[False, 'NA']"
Antibodies,http://www.webmd.com/hw-popup/antibodies,"[False, 'NA']"
Earwax,http://www.webmd.com/hw-popup/earwax,"[False, 'NA']"
Rupture of the Eardrum,http://www.webmd.com/hw-popup/rupture-of-the-eardrum,"[False, 'NA']"
Panic Attack,http://www.webmd.com/hw-popup/panic-attack,"[False, 'NA']"
Dysplasia,http://www.webmd.com/hw-popup/dysplasia,"[False, 'NA']"
Cervix,http://www.webmd.com/hw-popup/cervix-8243,"[False, 'NA']"
Glandular Cells,http://www.webmd.com/hw-popup/glandular-cells,"[False, 'NA']"
Carbon Dioxide Laser,http://www.webmd.com/hw-popup/carbon-dioxide-laser,"[False, 'NA']"
Substance Abuse,http://www.webmd.com/hw-popup/substance-abuse,"[False, 'NA']"
Sleep Studies,http://www.webmd.com/hw-popup/sleep-studies,"[False, 'NA']"
None,http://img.webmd.com/dtmcms/live/webmd/consumer_assets/site_images/media/pdf/hw/form_zm2258.pdf,"[False, 'NA']"
Intrauterine Device (IUD),http://www.webmd.com/hw-popup/intrauterine-device-iud,"[False, 'NA']"
Scleroderma,http://www.webmd.com/hw-popup/scleroderma,"[False, 'NA']"
SA Node and AV Node,http://www.webmd.com/hw-popup/sa-node-and-av-node,"[False, 'NA']"
Varicose Veins,http://www.webmd.com/hw-popup/varicose-veins-7263,"[False, 'NA']"
Venous Skin Ulcer,http://www.webmd.com/hw-popup/venous-skin-ulcer,"[False, 'NA']"
Sclerotherapy,http://www.webmd.com/hw-popup/sclerotherapy,"[False, 'NA']"
Venous Insufficiency,http://www.webmd.com/hw-popup/venous-insufficiency-7257,"[False, 'NA']"
Spider Veins,http://www.webmd.com/hw-popup/spider-veins,"[False, 'NA']"
Organ Transplant,http://www.webmd.com/hw-popup/organ-transplant,"[False, 'NA']"
Registered Dietitian (RD),http://www.webmd.com/hw-popup/registered-dietitian-rd,"[False, 'NA']"
Family Therapy,http://www.webmd.com/hw-popup/family-therapy,"[False, 'NA']"
Seborrheic Keratoses,http://www.webmd.com/hw-popup/seborrheic-keratoses,"[False, 'NA']"
Growth Spurt,http://www.webmd.com/hw-popup/growth-spurt,"[False, 'NA']"
Hyperparathyroidism,http://www.webmd.com/hw-popup/hyperparathyroidism,"[False, 'NA']"
Parathyroid Hormone,http://www.webmd.com/hw-popup/parathyroid-hormone,"[False, 'NA']"
Pseudogout,http://www.webmd.com/hw-popup/pseudogout,"[False, 'NA']"
Click URL,http://www.webmd.com/click?url=http://midtownatlantadentists.com,"[False, 'NA']"
Rickets,http://www.webmd.com/hw-popup/rickets,"[False, 'NA']"
Stress Response (Fight-or-Flight Response),http://www.webmd.com/hw-popup/stress-response-fight-or-flight-response,"[False, 'NA']"
Fetal Heart Monitoring,http://www.webmd.com/hw-popup/fetal-heart-monitoring,"[False, 'NA']"
Fetal Ultrasound,http://www.webmd.com/hw-popup/fetal-ultrasound,"[False, 'NA']"
High-Risk Pregnancy,http://www.webmd.com/hw-popup/high-risk-pregnancy,"[False, 'NA']"
Pathologist,http://www.webmd.com/hw-popup/pathologist,"[False, 'NA']"
Medical Examiner,http://www.webmd.com/hw-popup/medical-examiner,"[False, 'NA']"
Coroner,http://www.webmd.com/hw-popup/coroner,"[False, 'NA']"
Nerve Block,http://www.webmd.com/hw-popup/nerve-block,"[False, 'NA']"
Cold Sores,http://www.webmd.com/hw-popup/cold-sores,"[False, 'NA']"
Birthmarks,http://www.webmd.com/hw-popup/birthmarks,"[False, 'NA']"
Cystic Lesions From Acne,http://www.webmd.com/hw-popup/cystic-lesions-from-acne,"[False, 'NA']"
Actinic Keratosis,http://www.webmd.com/hw-popup/actinic-keratosis-8352,"[False, 'NA']"
Actinic Lentigines,http://www.webmd.com/hw-popup/actinic-lentigines,"[False, 'NA']"
Melanoma,http://www.webmd.com/hw-popup/melanoma-7813,"[False, 'NA']"
Dust Mites,http://www.webmd.com/hw-popup/dust-mites,"[False, 'NA']"
Hives,http://www.webmd.com/hw-popup/hives,"[False, 'NA']"
Click URL,http://www.webmd.com/click?url=http://sleepeducation.com/find-a-center,"[False, 'NA']"
Mites,http://www.webmd.com/hw-popup/mites,"[False, 'NA']"
Chronic Lyme Arthritis,http://www.webmd.com/hw-popup/chronic-lyme-arthritis,"[False, 'NA']"
None,http://img.webmd.com/dtmcms/live/webmd/consumer_assets/site_images/media/pdf/hw/form_zm2260.pdf,"[False, 'NA']"
Eating Disorders,http://www.webmd.com/hw-popup/eating-disorders,"[False, 'NA']"
Anorexia Nervosa,http://www.webmd.com/hw-popup/anorexia-nervosa,"[False, 'NA']"
Bulimia Nervosa,http://www.webmd.com/hw-popup/bulimia-nervosa,"[False, 'NA']"
Binge Eating Disorder,http://www.webmd.com/hw-popup/binge-eating-disorder,"[False, 'NA']"
Outbreak,http://www.webmd.com/outbreak,"[False, 'NA']"
Motor Skills in Babies,http://www.webmd.com/hw-popup/motor-skills-in-babies,"[False, 'NA']"
Sudden Infant Death Syndrome,http://www.webmd.com/hw-popup/sudden-infant-death-syndrome,"[False, 'NA']"
Lactation Consultant,http://www.webmd.com/hw-popup/lactation-consultant,"[False, 'NA']"
Vagina,http://www.webmd.com/hw-popup/vagina-7252,"[False, 'NA']"
Uterine Fibroids,http://www.webmd.com/hw-popup/uterine-fibroids,"[False, 'NA']"
Polyp,http://www.webmd.com/hw-popup/polyp,"[False, 'NA']"
Laparoscopy,http://www.webmd.com/hw-popup/laparoscopy,"[False, 'NA']"
Coronary Arteries,http://www.webmd.com/hw-popup/coronary-arteries,"[False, 'NA']"
Echocardiogram (Echo),http://www.webmd.com/hw-popup/echocardiogram-echo,"[False, 'NA']"
Click URL,http://www.webmd.com/click?url=http://www.boxerwachler.com/,"[False, 'NA']"
Click URL,http://www.webmd.com/click?url=http://www.keratoconusinserts.com/,"[False, 'NA']"
Gestational Age,http://www.webmd.com/hw-popup/gestational-age,"[False, 'NA']"
Blood Type,http://www.webmd.com/hw-popup/blood-type,"[False, 'NA']"
Hemolytic Disease of the Newborn,http://www.webmd.com/hw-popup/hemolytic-disease-of-the-newborn,"[False, 'NA']"
Urinary Catheter,http://www.webmd.com/hw-popup/urinary-catheter,"[False, 'NA']"
None,http://img.webmd.com/dtmcms/live/webmd/consumer_assets/site_images/sponsored_programs/digestive-issues-child-14/elecare_healthguide.pdf,"[False, 'NA']"
Assisted Reproductive Technology,http://www.webmd.com/hw-popup/assisted-reproductive-technology,"[False, 'NA']"
Ovarian Follicle,http://www.webmd.com/hw-popup/ovarian-follicle,"[False, 'NA']"
AIDS,http://www.webmd.com/hw-popup/aids,"[False, 'NA']"
Click URL,http://www.webmd.com/click?url=http://www.redcross.org,"[False, 'NA']"
Click URL,http://www.webmd.com/click?url=http://www.heart.org,"[False, 'NA']"
Polio,http://www.webmd.com/hw-popup/polio,"[False, 'NA']"
VAERS Reports,http://www.webmd.com/hw-popup/vaers-reports,"[False, 'NA']"
Click URL,http://www.webmd.com/click?url=http%3A%2F%2Ftlc.discovery.com%2Ftv%2Fhoarding-buried-alive%2F,"[False, 'NA']"
Click URL,http://www.webmd.com/click?url=http%3A%2F%2Fexchanges.webmd.com%2Fanxiety-and-panic-disorders-exchange,"[False, 'NA']"
Click URL,http://www.webmd.com/click?url=http%3A%2F%2Fforums.webmd.com%2F3%2Fanxiety-and-panic-disorders-exchange%2Fforum%2F3730,"[False, 'NA']"
Click URL,http://www.webmd.com/click?url=http%3A%2F%2Fwww.newsweek.com%2F2011%2F01%2F26%2Fan-unwanted-inheritance.html,"[False, 'NA']"
Click URL,http://www.webmd.com/click?url=http%3A%2F%2Fwww.aetv.com%2Fhoarders%2F,"[False, 'NA']"
Click URL,http://www.webmd.com/click?url=http%3A%2F%2Fanimal.discovery.com%2Ftv%2Fconfessions-animal-hoarding%2F,"[False, 'NA']"
Click URL,http://www.webmd.com/click?url=http%3A%2F%2Fwww.webmd.com%2Fmental-health%2Ffeatures%2Fharmless-pack-rat-or-compulsive-hoarder,"[False, 'NA']"
Click URL,http://www.webmd.com/click?url=http%3A%2F%2Fblogs.webmd.com%2Fanxiety-and-stress-management%2F2006%2F07%2Focd-and-the-need-to-hoard.html,"[False, 'NA']"
Click URL,http://www.webmd.com/click?url=http%3A%2F%2Fwww.webmd.com%2Fanxiety-panic%2Ftc%2Fobsessive-compulsive-disorder-ocd-topic-overview,"[False, 'NA']"
Cardiac Rehabilitation,http://www.webmd.com/hw-popup/cardiac-rehabilitation,"[False, 'NA']"
Stent,http://www.webmd.com/hw-popup/stent,"[False, 'NA']"
Click URL,http://www.webmd.com/click?url=http%3A%2F%2Fwww.webmd.com%2Fheart-disease%2Fnews%2F20080613%2Fnewsman-tim-russert-dies,"[False, 'NA']"
Click URL,http://www.webmd.com/click?url=http%3A%2F%2Fwww.webmd.com%2Fheart-disease%2Fheart-disease-heart-attacks,"[False, 'NA']"
Endometrium,http://www.webmd.com/hw-popup/endometrium,"[False, 'NA']"
Rh Factor,http://www.webmd.com/hw-popup/rh-factor,"[False, 'NA']"
Rh Sensitization,http://www.webmd.com/hw-popup/rh-sensitization,"[False, 'NA']"
Virus,http://www.webmd.com/hw-popup/virus,"[False, 'NA']"
Fungal Infection,http://www.webmd.com/fungal-infection,"[False, 'NA']"
Essential Fatty Acids (Omega-3 and Omega-6 Fatty Acids),http://www.webmd.com/hw-popup/essential-fatty-acids,"[False, 'NA']"
Click Url V2,http://www.webmd.boots.com/click?url=http://www.sleepsociety.org.uk,"[False, 'NA']"
Click Url V2,http://www.webmd.boots.com/click?url=http://www.sleep-apnoea-trust.org/,"[False, 'NA']"
Click Url V2,http://www.webmd.boots.com/click?url=http://www.sleepscotland.org,"[False, 'NA']"
Click Url V2,http://www.webmd.boots.com/click?url=http://www.britishsnoring.co.uk/,"[False, 'NA']"
Click Url V2,http://www.webmd.boots.com/click?url=http://www.nct.org.uk,"[False, 'NA']"
Click Url V2,http://www.webmd.boots.com/click?url=http://www.fpa.org.uk,"[False, 'NA']"
Click Url V2,http://www.webmd.boots.com/click?url=http://www.tommys.org/,"[False, 'NA']"
Click Url V2,http://www.webmd.boots.com/click?url=http://www.countthekicks.org.uk/,"[False, 'NA']"
Click Url V2,http://www.webmd.boots.com/click?url=http://www.mumsnet.com/,"[False, 'NA']"
Click Url V2,http://www.webmd.boots.com/click?url=http://www.britmums.com/,"[False, 'NA']"
Click Url V2,http://www.webmd.boots.com/click?url=http://www.netmums.com/home/about-us,"[False, 'NA']"
Click Url V2,http://www.webmd.boots.com/click?url=http://www.breastfeedingnetwork.org.uk/,"[False, 'NA']"
Click Url V2,http://www.webmd.boots.com/click?url=http://www.postnataldepression.com,"[False, 'NA']"
Click Url V2,http://www.webmd.boots.com/click?url=http://www.home-start.org.uk,"[False, 'NA']"
Click Url V2, http://www.webmd.boots.com/click?url=http://www.uk-sands.org/,"[False, 'NA']"
Click Url V2,http://www.webmd.boots.com/click?url=http://www.rcm.org.uk/,"[False, 'NA']"
Click Url V2,http://www.webmd.boots.com/click?url=http://www.nmc-uk.org/,"[False, 'NA']"
Supported by,http://www.webmd.boots.com/supported-by,"[False, 'NA']"
WebMD Features Archive,http://webmd.com/feature-archive-popup,"[False, 'NA']"
Click Url V2,http://www.webmd.boots.com/click?url=http://www.netmums.com/,"[False, 'NA']"
Click Url V2,http://www.webmd.boots.com/click?url=http://www.gosh.org/,"[False, 'NA']"
Click Url V2,http://www.webmd.boots.com/click?url=http://www.wellchild.org.uk/,"[False, 'NA']"
Click Url V2,http://www.webmd.boots.com/click?url=http://www.tamba.org.uk/,"[False, 'NA']"
Click Url V2,http://www.webmd.boots.com/click?url=http://www.eric.org.uk/,"[False, 'NA']"
Click Url V2,http://www.webmd.boots.com/click?url=http://www.cafamily.org.uk/,"[False, 'NA']"
Click Url V2,http://www.webmd.boots.com/click?url=http://www.littleprincesses.org.uk,"[False, 'NA']"
Click Url V2,http://www.webmd.boots.com/click?url=http://www.portage.org.uk/,"[False, 'NA']"
Click Url V2,http://www.webmd.boots.com/click?url=http://www.parenting.org.uk/,"[False, 'NA']"
Click Url V2,http://www.webmd.boots.com/click?url=http://www.rcpch.ac.uk/,"[False, 'NA']"
Click Url V2,http://www.webmd.boots.com/click?url=http://www.diabetes.org.uk/,"[False, 'NA']"
Click Url V2,http://www.webmd.boots.com/click?url=http://www.jdrf.org.uk/,"[False, 'NA']"
Click Url V2,http://www.webmd.boots.com/click?url=http://www.drwf.org.uk/,"[False, 'NA']"
Click Url V2,http://www.webmd.boots.com/click?url=http://iddt.org/,"[False, 'NA']"
Click Url V2,http://www.webmd.boots.com/click?url=http://drrobhicks.co.uk/,"[False, 'NA']"
Click URL,http://www.webmd.com/click?url=http://avma.org/,"[False, 'NA']"
Click Url V2,http://www.webmd.boots.com/click?url=http://www.addiss.co.uk,"[False, 'NA']"
Click Url V2,http://www.webmd.boots.com/click?url=http://www.adhd.org.uk,"[False, 'NA']"
Click Url V2,http://www.webmd.boots.com/click?url=http://aadduk.org/about/,"[False, 'NA']"
Click Url V2,http://www.webmd.boots.com/click?url=http://www.addni.net,"[False, 'NA']"
Click Url V2,http://www.webmd.boots.com/click?url=http://www.hacsg.org.uk,"[False, 'NA']"
Click Url V2,http://www.webmd.boots.com/click?url=http://www.youngminds.org.uk,"[False, 'NA']"
Click Url V2,http://www.webmd.boots.com/click?url=http://www.childpsychotherapy.org.uk,"[False, 'NA']"
Click Url V2,http://www.webmd.boots.com/click?url=http://www.bacp.co.uk,"[False, 'NA']"
Click Url V2,http://www.webmd.boots.com/click?url=http://www.bda.uk.com ,"[False, 'NA']"
Click Url V2,http://www.webmd.boots.com/click?url=http://www.associationfornutrition.org/,"[False, 'NA']"
Click Url V2,http://www.webmd.boots.com/click?url=http://www.nutrition.org.uk/,"[False, 'NA']"
Click Url V2,http://www.webmd.boots.com/click?url=http://www.nhs.uk/change4life/Pages/change-for-life.aspx,"[False, 'NA']"
Click Url V2,http://www.webmd.boots.com/click?url=http://www.bhf.org.uk,"[False, 'NA']"
Click Url V2,http://www.webmd.boots.com/click?url=http://heartuk.org.uk/,"[False, 'NA']"
Click Url V2,http://www.webmd.boots.com/click?url=http://www.c-r-y.org.uk,"[False, 'NA']"
Click Url V2,http://www.webmd.boots.com/click?url=http://www.cardiomyopathy.org/,"[False, 'NA']"
Click Url V2,http://www.webmd.boots.com/click?url=http://www.chfed.org.uk/,"[False, 'NA']"
Click Url V2,http://www.webmd.boots.com/click?url=http://corda.org.uk/,"[False, 'NA']"
Click Url V2,http://www.webmd.boots.com/click?url=http://www.heartresearch.org.uk/,"[False, 'NA']"
Click Url V2,http://www.webmd.boots.com/click?url=http://www.bcs.com,"[False, 'NA']"
Foot-and-Mouth Disease,http://www.webmd.com/hw-popup/foot-and-mouth-disease,"[False, 'NA']"
Mad Cow Disease,http://www.webmd.com/hw-popup/mad-cow-disease,"[False, 'NA']"
Enterovirus,http://www.webmd.com/hw-popup/enterovirus,"[False, 'NA']"
Click Url V2,http://www.webmd.boots.com/click?url=http://www.allergyuk.org/,"[False, 'NA']"
Click Url V2,http://www.webmd.boots.com/click?url=http://www.actionagainstallergy.co.uk/,"[False, 'NA']"
Click Url V2,http://www.webmd.boots.com/click?url=http://www.anaphylaxis.org.uk,"[False, 'NA']"
Click Url V2,http://www.webmd.boots.com/click?url=http://www.anaphylaxis.org.uk/,"[False, 'NA']"
Click Url V2,http://www.webmd.boots.com/click?url=http://www.bsaci.org/,"[False, 'NA']"
Click Url V2,http://www.webmd.boots.com/click?url=http://www.pollenuk.co.uk/,"[False, 'NA']"
Click Url V2,http://www.webmd.boots.com/click?url=http://www.worcester.ac.uk/discover/national-pollen-and-aerobiology-research-unit.html,"[False, 'NA']"
Click Url V2,http://www.webmd.boots.com/click?url=http://www.asthma.org.uk/,"[False, 'NA']"
Click Url V2,http://www.webmd.boots.com/click?url=http://www.eczema.org/,"[False, 'NA']"
Click Url V2,http://www.webmd.boots.com/click?url=http://www.bdasmile.org/,"[False, 'NA']"
Click Url V2,http://www.webmd.boots.com/click?url=http://www.dentalhealth.org/,"[False, 'NA']"
Click Url V2,http://www.webmd.boots.com/click?url=http://www.thebutterflygroup.org.uk/,"[False, 'NA']"
Click Url V2,http://www.webmd.boots.com/click?url=http://www.lupusuk.org.uk/,"[False, 'NA']"
Click Url V2,http://www.webmd.boots.com/click?url=http://www.proventus.org.uk/,"[False, 'NA']"
Click Url V2,http://www.webmd.boots.com/click?url=http://www.coeliac.org.uk/,"[False, 'NA']"
Click Url V2,http://www.webmd.boots.com/click?url=http://www.gbs.org.uk/,"[False, 'NA']"
Click Url V2,http://www.webmd.boots.com/click?url=http://www.addisons.org.uk/,"[False, 'NA']"
Click Url V2,http://www.webmd.boots.com/click?url=http://www.bssa.uk.net/,"[False, 'NA']"
Click Url V2,http://www.webmd.boots.com/click?url=http://www.vitiligosociety.org.uk/,"[False, 'NA']"
Click Url V2,http://www.webmd.boots.com/click?url=http://www.thyroiduk.org.uk,"[False, 'NA']"
Click Url V2,http://www.webmd.boots.com/click?url=http://www.pernicious-anaemia-society.org/,"[False, 'NA']"
Click Url V2,http://www.webmd.boots.com/click?url=http://www.cnhc.org.uk/,"[False, 'NA']"
Click Url V2,http://www.webmd.boots.com/click?url=http://www.acupuncture.org.uk/index.php,"[False, 'NA']"
Click Url V2,http://www.webmd.boots.com/click?url=http://www.medical-acupuncture.co.uk/,"[False, 'NA']"
Click Url V2,http://www.webmd.boots.com/click?url=http://www.acupuncturesociety.org.uk,"[False, 'NA']"
Click Url V2,http://www.webmd.boots.com/click?url=http://www.stat.org.uk/,"[False, 'NA']"
Click Url V2,http://www.webmd.boots.com/click?url=http://www.ifparoma.org,"[False, 'NA']"
Click Url V2,http://www.webmd.boots.com/click?url=https://yellowcard.mhra.gov.uk/,"[False, 'NA']"
Click Url V2,http://www.webmd.boots.com/click?url=http://www.epilepsy.org.uk,"[False, 'NA']"
Click Url V2,http://www.webmd.boots.com/click?url=http://www.epilepsysociety.org.uk,"[False, 'NA']"
Click Url V2,http://www.webmd.boots.com/click?url=http://www.epilepsyresearch.org.uk,"[False, 'NA']"
Click Url V2,http://www.webmd.boots.com/click?url=http://www.epilepsyscotland.org.uk,"[False, 'NA']"
Click Url V2,http://www.webmd.boots.com/click?url=http://www.sudep.org,"[False, 'NA']"
Click Url V2,http://www.webmd.boots.com/click?url=http://www.youngepilepsy.org.uk/,"[False, 'NA']"
Click Url V2,http://www.webmd.boots.com/click?url=http://www.support-dogs.org.uk,"[False, 'NA']"
Click Url V2,http://www.webmd.boots.com/click?url=https://www.gov.uk/epilepsy-and-driving,"[False, 'NA']"
Click Url V2,http://www.webmd.boots.com/click?url=http://www.parkinsons.org.uk/,"[False, 'NA']"
Click Url V2,http://www.webmd.boots.com/click?url=http://www.cureparkinsons.org.uk/,"[False, 'NA']"
Click Url V2,http://www.webmd.boots.com/click?url=http://www.brainandspine.org.uk/,"[False, 'NA']"
Click Url V2,http://www.webmd.boots.com/click?url=https://www.gov.uk/parkinsons-disease-and-driving,"[False, 'NA']"
Click Url V2,http://www.webmd.boots.com/click?url=http://www.mssociety.org.uk/,"[False, 'NA']"
Click Url V2,http://www.webmd.boots.com/click?url=http://www.ms-uk.org/,"[False, 'NA']"
Click Url V2,http://www.webmd.boots.com/click?url=http://www.mstrust.org.uk/,"[False, 'NA']"
Click Url V2,http://www.webmd.boots.com/click?url=http://ms-research.org.uk/,"[False, 'NA']"
Click Url V2,http://www.webmd.boots.com/click?url=http://shift.ms/,"[False, 'NA']"
Click Url V2,http://www.webmd.boots.com/click?url=http://www.disabilityrightsuk.org/,"[False, 'NA']"
Click Url V2,http://www.webmd.boots.com/click?url=https://www.gov.uk/multiple-sclerosis-and-driving,"[False, 'NA']"
Click Url V2,http://www.webmd.boots.com/click?url=http://www.aaircharity.org/,"[False, 'NA']"
Click Url V2,http://www.webmd.boots.com/click?url=http://www.brit-thoracic.org.uk/,"[False, 'NA']"
Click Url V2,http://www.webmd.boots.com/click?url=http://www.nos.org.uk,"[False, 'NA']"
Click Url V2,http://www.webmd.boots.com/click?url=http://www.arthritisresearchuk.org/,"[False, 'NA']"
Click Url V2,http://www.webmd.boots.com/click?url=http://www.ageuk.org.uk/,"[False, 'NA']"
Click Url V2,http://www.webmd.boots.com/click?url=http://www.arthritiscare.org.uk,"[False, 'NA']"
Click Url V2,http://www.webmd.boots.com/click?url=http://www.britishpainsociety.org/,"[False, 'NA']"
Click Url V2,http://www.webmd.boots.com/click?url=http://painconcern.org.uk/,"[False, 'NA']"
Click Url V2,http://www.webmd.boots.com/click?url=http://www.fmauk.org/,"[False, 'NA']"
Click Url V2,http://www.webmd.boots.com/click?url=http://www.brainandspine.org.uk,"[False, 'NA']"
Click Url V2,http://www.webmd.boots.com/click?url=http://www.arthritiscare.org.uk/,"[False, 'NA']"
Click Url V2,http://www.webmd.boots.com/click?url=http://www.mhra.gov.uk/Safetyinformation/Reportingsafetyproblems/Medicines/Reportingsuspectedadversedrugreactions/index.htm,"[False, 'NA']"
Click Url V2,http://www.webmd.boots.com/click?url=http://www.englandathletics.org,"[False, 'NA']"
Click Url V2,http://www.webmd.boots.com/click?url=http://www.sportscotland.org.uk/,"[False, 'NA']"
Click Url V2,http://www.webmd.boots.com/click?url=http://www.explorerowing.org,"[False, 'NA']"
Click Url V2,http://www.webmd.boots.com/click?url=http://www.britishcycling.org.uk/getinvolved,"[False, 'NA']"
Click Url V2,http://www.webmd.boots.com/click?url=http://www.nostringsbadminton.co.uk/,"[False, 'NA']"
Click Url V2,http://www.webmd.boots.com/click?url=http://www.britishtaekwondo.org.uk/,"[False, 'NA']"
Click Url V2,http://www.webmd.boots.com/click?url=http://www.hoofride.co.uk/,"[False, 'NA']"
Click Url V2,http://www.webmd.boots.com/click?url=http://www.britishswimming.org/,"[False, 'NA']"
Click Url V2, http://www.webmd.boots.com/click?url=http://www.exerciseregister.org/,"[False, 'NA']"
Click Url V2,http://www.webmd.boots.com/click?url=http://www.fia.org.uk/,"[False, 'NA']"
Click Url V2,http://www.webmd.boots.com/click?url=http://www.nhs.uk/Change4life,"[False, 'NA']"
Click URL,http://www.webmd.com/click?url=http://www.partnersah.vet.cornell.edu/pet,"[False, 'NA']"
Click Url V2,http://www.webmd.boots.com/click?url=http://www.alcoholconcern.org.uk/,"[False, 'NA']"
Click Url V2,http://www.webmd.boots.com/click?url=https://www.drinkaware.co.uk/,"[False, 'NA']"
Click Url V2,http://www.webmd.boots.com/click?url=http://www.alcoholics-anonymous.org.uk/,"[False, 'NA']"
Click Url V2,http://www.webmd.boots.com/click?url=http://www.adfam.org.uk/,"[False, 'NA']"
Click Url V2,http://www.webmd.boots.com/click?url=http://www.addaction.org.uk/,"[False, 'NA']"
Click Url V2,http://www.webmd.boots.com/click?url=http://alcoholresearchuk.org/,"[False, 'NA']"
Click Url V2,http://www.webmd.boots.com/click?url=http://www.alcohol-focus-scotland.org.uk/,"[False, 'NA']"
Click Url V2,http://www.webmd.boots.com/click?url=http://www.independentage.org/about-us/,"[False, 'NA']"
Click Url V2,http://www.webmd.boots.com/click?url=http://www.campaigntoendloneliness.org/about-the-campaign/,"[False, 'NA']"
Click Url V2,http://www.webmd.boots.com/click?url=http://www.cot.co.uk/,"[False, 'NA']"
Liver,http://www.webmd.com/hw-popup/liver-7876,"[False, 'NA']"
